Date,btc_close_price,btc_target_label
2017-11-11,6357.600098,0
2017-11-12,5950.069824,1
2017-11-13,6559.490234,1
2017-11-14,6635.75,1
2017-11-15,7315.540039,1
2017-11-16,7871.689941,0
2017-11-17,7708.990234,1
2017-11-18,7790.149902,1
2017-11-19,8036.490234,1
2017-11-20,8200.639648,0
2017-11-21,8071.259766,1
2017-11-22,8253.549805,0
2017-11-23,8038.77002,1
2017-11-24,8253.69043,1
2017-11-25,8790.919922,1
2017-11-26,9330.549805,1
2017-11-27,9818.349609,1
2017-11-28,10058.799805,0
2017-11-29,9888.610352,1
2017-11-30,10233.599609,1
2017-12-01,10975.599609,1
2017-12-02,11074.599609,1
2017-12-03,11323.200195,1
2017-12-04,11657.200195,1
2017-12-05,11916.700195,1
2017-12-06,14291.5,1
2017-12-07,17899.699219,0
2017-12-08,16569.400391,0
2017-12-09,15178.200195,1
2017-12-10,15455.400391,1
2017-12-11,16936.800781,1
2017-12-12,17415.400391,0
2017-12-13,16408.199219,1
2017-12-14,16564.0,1
2017-12-15,17706.900391,1
2017-12-16,19497.400391,0
2017-12-17,19140.800781,0
2017-12-18,19114.199219,0
2017-12-19,17776.699219,0
2017-12-20,16624.599609,0
2017-12-21,15802.900391,0
2017-12-22,13831.799805,1
2017-12-23,14699.200195,0
2017-12-24,13925.799805,1
2017-12-25,14026.599609,1
2017-12-26,16099.799805,0
2017-12-27,15838.5,0
2017-12-28,14606.5,1
2017-12-29,14656.200195,0
2017-12-30,12952.200195,1
2017-12-31,14156.400391,0
2018-01-01,13657.200195,1
2018-01-02,14982.099609,1
2018-01-03,15201.0,1
2018-01-04,15599.200195,1
2018-01-05,17429.5,1
2018-01-06,17527.0,0
2018-01-07,16477.599609,0
2018-01-08,15170.099609,0
2018-01-09,14595.400391,1
2018-01-10,14973.299805,0
2018-01-11,13405.799805,1
2018-01-12,13980.599609,1
2018-01-13,14360.200195,0
2018-01-14,13772.0,1
2018-01-15,13819.799805,0
2018-01-16,11490.5,0
2018-01-17,11188.599609,1
2018-01-18,11474.900391,1
2018-01-19,11607.400391,1
2018-01-20,12899.200195,0
2018-01-21,11600.099609,0
2018-01-22,10931.400391,0
2018-01-23,10868.400391,1
2018-01-24,11359.400391,0
2018-01-25,11259.400391,0
2018-01-26,11171.400391,1
2018-01-27,11440.700195,1
2018-01-28,11786.299805,0
2018-01-29,11296.400391,0
2018-01-30,10106.299805,1
2018-01-31,10221.099609,0
2018-02-01,9170.540039,0
2018-02-02,8830.75,1
2018-02-03,9174.910156,0
2018-02-04,8277.009766,0
2018-02-05,6955.27002,1
2018-02-06,7754.0,0
2018-02-07,7621.299805,1
2018-02-08,8265.589844,1
2018-02-09,8736.980469,0
2018-02-10,8621.900391,0
2018-02-11,8129.970215,1
2018-02-12,8926.570313,0
2018-02-13,8598.30957,1
2018-02-14,9494.629883,1
2018-02-15,10166.400391,1
2018-02-16,10233.900391,1
2018-02-17,11112.700195,0
2018-02-18,10551.799805,1
2018-02-19,11225.299805,1
2018-02-20,11403.700195,0
2018-02-21,10690.400391,0
2018-02-22,10005.0,1
2018-02-23,10301.099609,0
2018-02-24,9813.070313,0
2018-02-25,9664.730469,1
2018-02-26,10366.700195,1
2018-02-27,10725.599609,0
2018-02-28,10397.900391,1
2018-03-01,10951.0,1
2018-03-02,11086.400391,1
2018-03-03,11489.700195,1
2018-03-04,11512.599609,1
2018-03-05,11573.299805,0
2018-03-06,10779.900391,0
2018-03-07,9965.570313,0
2018-03-08,9395.009766,0
2018-03-09,9337.549805,0
2018-03-10,8866.0,1
2018-03-11,9578.629883,0
2018-03-12,9205.120117,0
2018-03-13,9194.849609,0
2018-03-14,8269.80957,1
2018-03-15,8300.860352,1
2018-03-16,8338.349609,0
2018-03-17,7916.879883,1
2018-03-18,8223.679688,1
2018-03-19,8630.650391,1
2018-03-20,8913.469727,1
2018-03-21,8929.280273,0
2018-03-22,8728.469727,1
2018-03-23,8879.620117,0
2018-03-24,8668.120117,0
2018-03-25,8495.780273,0
2018-03-26,8209.400391,0
2018-03-27,7833.040039,1
2018-03-28,7954.47998,0
2018-03-29,7165.700195,0
2018-03-30,6890.52002,1
2018-03-31,6973.529785,0
2018-04-01,6844.22998,1
2018-04-02,7083.799805,1
2018-04-03,7456.109863,0
2018-04-04,6853.839844,0
2018-04-05,6811.470215,0
2018-04-06,6636.319824,1
2018-04-07,6911.089844,1
2018-04-08,7023.52002,0
2018-04-09,6770.72998,1
2018-04-10,6834.759766,1
2018-04-11,6968.319824,1
2018-04-12,7889.25,1
2018-04-13,7895.959961,1
2018-04-14,7986.240234,1
2018-04-15,8329.110352,0
2018-04-16,8058.669922,0
2018-04-17,7902.089844,1
2018-04-18,8163.419922,1
2018-04-19,8294.30957,1
2018-04-20,8845.830078,1
2018-04-21,8895.580078,0
2018-04-22,8802.459961,1
2018-04-23,8930.879883,1
2018-04-24,9697.5,0
2018-04-25,8845.740234,1
2018-04-26,9281.509766,0
2018-04-27,8987.049805,1
2018-04-28,9348.480469,1
2018-04-29,9419.080078,0
2018-04-30,9240.549805,0
2018-05-01,9119.009766,1
2018-05-02,9235.919922,1
2018-05-03,9743.860352,0
2018-05-04,9700.759766,1
2018-05-05,9858.150391,0
2018-05-06,9654.799805,0
2018-05-07,9373.009766,0
2018-05-08,9234.820313,1
2018-05-09,9325.179688,0
2018-05-10,9043.94043,0
2018-05-11,8441.490234,1
2018-05-12,8504.889648,1
2018-05-13,8723.94043,0
2018-05-14,8716.790039,0
2018-05-15,8510.379883,0
2018-05-16,8368.830078,0
2018-05-17,8094.319824,1
2018-05-18,8250.969727,0
2018-05-19,8247.179688,1
2018-05-20,8513.25,0
2018-05-21,8418.990234,0
2018-05-22,8041.779785,0
2018-05-23,7557.819824,1
2018-05-24,7587.339844,0
2018-05-25,7480.140137,0
2018-05-26,7355.879883,1
2018-05-27,7368.220215,0
2018-05-28,7135.990234,1
2018-05-29,7472.589844,0
2018-05-30,7406.52002,1
2018-05-31,7494.169922,1
2018-06-01,7541.450195,1
2018-06-02,7643.450195,1
2018-06-03,7720.25,0
2018-06-04,7514.470215,1
2018-06-05,7633.759766,1
2018-06-06,7653.97998,1
2018-06-07,7678.240234,0
2018-06-08,7624.919922,0
2018-06-09,7531.97998,0
2018-06-10,6786.02002,1
2018-06-11,6906.919922,0
2018-06-12,6582.359863,0
2018-06-13,6349.899902,1
2018-06-14,6675.350098,0
2018-06-15,6456.580078,1
2018-06-16,6550.160156,0
2018-06-17,6499.27002,1
2018-06-18,6734.819824,1
2018-06-19,6769.939941,1
2018-06-20,6776.549805,0
2018-06-21,6729.740234,0
2018-06-22,6083.689941,1
2018-06-23,6162.47998,1
2018-06-24,6173.22998,1
2018-06-25,6249.180176,0
2018-06-26,6093.669922,1
2018-06-27,6157.129883,0
2018-06-28,5903.439941,1
2018-06-29,6218.299805,1
2018-06-30,6404.0,0
2018-07-01,6385.819824,1
2018-07-02,6614.180176,0
2018-07-03,6529.589844,1
2018-07-04,6597.549805,1
2018-07-05,6639.140137,1
2018-07-06,6673.5,1
2018-07-07,6856.930176,0
2018-07-08,6773.879883,0
2018-07-09,6741.75,0
2018-07-10,6329.950195,1
2018-07-11,6394.709961,0
2018-07-12,6228.810059,1
2018-07-13,6238.049805,1
2018-07-14,6276.120117,1
2018-07-15,6359.640137,1
2018-07-16,6741.75,1
2018-07-17,7321.040039,1
2018-07-18,7370.779785,1
2018-07-19,7466.859863,0
2018-07-20,7354.129883,1
2018-07-21,7419.290039,0
2018-07-22,7418.490234,1
2018-07-23,7711.109863,1
2018-07-24,8424.269531,0
2018-07-25,8181.390137,0
2018-07-26,7951.580078,1
2018-07-27,8165.009766,1
2018-07-28,8192.150391,1
2018-07-29,8218.459961,0
2018-07-30,8180.47998,0
2018-07-31,7780.439941,0
2018-08-01,7624.910156,0
2018-08-02,7567.149902,0
2018-08-03,7434.390137,0
2018-08-04,7032.850098,1
2018-08-05,7068.47998,0
2018-08-06,6951.799805,0
2018-08-07,6753.120117,0
2018-08-08,6305.799805,1
2018-08-09,6568.22998,0
2018-08-10,6184.709961,1
2018-08-11,6295.72998,1
2018-08-12,6322.689941,0
2018-08-13,6297.569824,0
2018-08-14,6199.709961,1
2018-08-15,6308.52002,1
2018-08-16,6334.72998,1
2018-08-17,6580.629883,0
2018-08-18,6423.759766,1
2018-08-19,6506.069824,0
2018-08-20,6308.529785,1
2018-08-21,6488.759766,0
2018-08-22,6376.709961,1
2018-08-23,6534.879883,1
2018-08-24,6719.959961,1
2018-08-25,6763.189941,0
2018-08-26,6707.259766,1
2018-08-27,6884.640137,1
2018-08-28,7096.279785,0
2018-08-29,7047.160156,0
2018-08-30,6978.22998,1
2018-08-31,7037.580078,1
2018-09-01,7193.25,1
2018-09-02,7272.720215,0
2018-09-03,7260.060059,1
2018-09-04,7361.660156,0
2018-09-05,6792.830078,0
2018-09-06,6529.169922,0
2018-09-07,6467.069824,0
2018-09-08,6225.97998,1
2018-09-09,6300.859863,1
2018-09-10,6329.700195,0
2018-09-11,6321.200195,1
2018-09-12,6351.799805,1
2018-09-13,6517.310059,0
2018-09-14,6512.709961,1
2018-09-15,6543.200195,0
2018-09-16,6517.180176,0
2018-09-17,6281.200195,1
2018-09-18,6371.299805,1
2018-09-19,6398.540039,1
2018-09-20,6519.669922,1
2018-09-21,6734.950195,0
2018-09-22,6721.97998,0
2018-09-23,6710.629883,0
2018-09-24,6595.410156,0
2018-09-25,6446.470215,1
2018-09-26,6495.0,1
2018-09-27,6676.75,0
2018-09-28,6644.129883,0
2018-09-29,6601.959961,1
2018-09-30,6625.560059,0
2018-10-01,6589.620117,0
2018-10-02,6556.100098,0
2018-10-03,6502.589844,1
2018-10-04,6576.689941,1
2018-10-05,6622.47998,0
2018-10-06,6588.310059,1
2018-10-07,6602.950195,1
2018-10-08,6652.22998,0
2018-10-09,6642.640137,0
2018-10-10,6585.529785,0
2018-10-11,6256.240234,1
2018-10-12,6274.580078,1
2018-10-13,6285.990234,1
2018-10-14,6290.930176,1
2018-10-15,6596.540039,0
2018-10-16,6596.109863,0
2018-10-17,6544.430176,0
2018-10-18,6476.709961,0
2018-10-19,6465.410156,1
2018-10-20,6489.189941,0
2018-10-21,6482.350098,1
2018-10-22,6487.160156,0
2018-10-23,6475.740234,1
2018-10-24,6495.839844,0
2018-10-25,6476.290039,0
2018-10-26,6474.75,1
2018-10-27,6480.379883,1
2018-10-28,6486.390137,0
2018-10-29,6332.629883,1
2018-10-30,6334.27002,0
2018-10-31,6317.609863,1
2018-11-01,6377.779785,1
2018-11-02,6388.439941,0
2018-11-03,6361.259766,1
2018-11-04,6376.129883,1
2018-11-05,6419.660156,1
2018-11-06,6461.009766,1
2018-11-07,6530.140137,0
2018-11-08,6453.720215,0
2018-11-09,6385.620117,1
2018-11-10,6409.220215,1
2018-11-11,6411.27002,0
2018-11-12,6371.27002,0
2018-11-13,6359.490234,0
2018-11-14,5738.350098,0
2018-11-15,5648.029785,0
2018-11-16,5575.549805,0
2018-11-17,5554.330078,1
2018-11-18,5623.540039,0
2018-11-19,4871.490234,0
2018-11-20,4451.870117,1
2018-11-21,4602.169922,0
2018-11-22,4365.939941,0
2018-11-23,4347.109863,0
2018-11-24,3880.76001,1
2018-11-25,4009.969971,0
2018-11-26,3779.129883,1
2018-11-27,3820.719971,1
2018-11-28,4257.419922,1
2018-11-29,4278.84668,0
2018-11-30,4017.268555,1
2018-12-01,4214.671875,0
2018-12-02,4139.87793,0
2018-12-03,3894.130859,1
2018-12-04,3956.893799,0
2018-12-05,3753.994873,0
2018-12-06,3521.101807,0
2018-12-07,3419.937256,1
2018-12-08,3476.114746,1
2018-12-09,3614.234375,0
2018-12-10,3502.656006,0
2018-12-11,3424.588135,1
2018-12-12,3486.950195,0
2018-12-13,3313.677246,0
2018-12-14,3242.484863,0
2018-12-15,3236.761719,1
2018-12-16,3252.839111,1
2018-12-17,3545.864746,1
2018-12-18,3696.059082,1
2018-12-19,3745.950684,1
2018-12-20,4134.441406,0
2018-12-21,3896.543701,1
2018-12-22,4014.182617,0
2018-12-23,3998.980225,1
2018-12-24,4078.599121,0
2018-12-25,3815.490723,1
2018-12-26,3857.297607,0
2018-12-27,3654.833496,1
2018-12-28,3923.918701,0
2018-12-29,3820.408691,1
2018-12-30,3865.952637,0
2018-12-31,3742.700439,1
2019-01-01,3843.52002,1
2019-01-02,3943.409424,0
2019-01-03,3836.741211,1
2019-01-04,3857.717529,0
2019-01-05,3845.19458,1
2019-01-06,4076.632568,0
2019-01-07,4025.248291,1
2019-01-08,4030.8479,1
2019-01-09,4035.296387,0
2019-01-10,3678.924561,1
2019-01-11,3687.365479,0
2019-01-12,3661.301025,0
2019-01-13,3552.953125,1
2019-01-14,3706.052246,0
2019-01-15,3630.675293,1
2019-01-16,3655.006836,1
2019-01-17,3678.563965,0
2019-01-18,3657.839355,1
2019-01-19,3728.568359,0
2019-01-20,3601.013672,0
2019-01-21,3576.032471,1
2019-01-22,3604.577148,0
2019-01-23,3585.123047,1
2019-01-24,3600.865479,0
2019-01-25,3599.765869,1
2019-01-26,3602.460449,0
2019-01-27,3583.96582,0
2019-01-28,3470.450439,0
2019-01-29,3448.116943,1
2019-01-30,3486.181641,0
2019-01-31,3457.792725,1
2019-02-01,3487.945313,1
2019-02-02,3521.060791,0
2019-02-03,3464.013428,0
2019-02-04,3459.154053,1
2019-02-05,3466.357422,0
2019-02-06,3413.767822,0
2019-02-07,3399.47168,1
2019-02-08,3666.780273,1
2019-02-09,3671.203613,1
2019-02-10,3690.188232,0
2019-02-11,3648.430664,1
2019-02-12,3653.528564,0
2019-02-13,3632.070557,0
2019-02-14,3616.880859,1
2019-02-15,3620.810791,1
2019-02-16,3629.787598,1
2019-02-17,3673.836182,1
2019-02-18,3915.714355,1
2019-02-19,3947.094482,1
2019-02-20,3999.820557,0
2019-02-21,3954.118164,1
2019-02-22,4005.526611,1
2019-02-23,4142.526855,0
2019-02-24,3810.42749,1
2019-02-25,3882.696289,0
2019-02-26,3854.35791,0
2019-02-27,3851.047363,1
2019-02-28,3854.7854,1
2019-03-01,3859.58374,1
2019-03-02,3864.415039,0
2019-03-03,3847.175781,0
2019-03-04,3761.557129,1
2019-03-05,3896.375,1
2019-03-06,3903.942627,1
2019-03-07,3911.484375,0
2019-03-08,3901.131592,1
2019-03-09,3963.313721,0
2019-03-10,3951.599854,0
2019-03-11,3905.227295,1
2019-03-12,3909.15625,0
2019-03-13,3906.717285,1
2019-03-14,3924.369141,1
2019-03-15,3960.911133,1
2019-03-16,4048.72583,0
2019-03-17,4025.229004,1
2019-03-18,4032.507324,1
2019-03-19,4071.190186,1
2019-03-20,4087.476318,0
2019-03-21,4029.326904,0
2019-03-22,4023.968262,1
2019-03-23,4035.826416,0
2019-03-24,4022.168213,0
2019-03-25,3963.070557,1
2019-03-26,3985.080811,1
2019-03-27,4087.066162,0
2019-03-28,4069.107178,1
2019-03-29,4098.374512,1
2019-03-30,4106.660156,0
2019-03-31,4105.404297,1
2019-04-01,4158.183105,1
2019-04-02,4879.87793,1
2019-04-03,4973.021973,0
2019-04-04,4922.798828,1
2019-04-05,5036.681152,1
2019-04-06,5059.817383,1
2019-04-07,5198.896973,1
2019-04-08,5289.770996,0
2019-04-09,5204.958496,1
2019-04-10,5324.551758,0
2019-04-11,5064.487793,1
2019-04-12,5089.539063,1
2019-04-13,5096.586426,1
2019-04-14,5167.722168,0
2019-04-15,5067.108398,1
2019-04-16,5235.55957,1
2019-04-17,5251.937988,1
2019-04-18,5298.385742,1
2019-04-19,5303.8125,1
2019-04-20,5337.88623,0
2019-04-21,5314.53125,1
2019-04-22,5399.365234,1
2019-04-23,5572.362305,0
2019-04-24,5464.866699,0
2019-04-25,5210.515625,1
2019-04-26,5279.348145,0
2019-04-27,5268.291016,1
2019-04-28,5285.13916,0
2019-04-29,5247.352539,1
2019-04-30,5350.726563,1
2019-05-01,5402.697266,1
2019-05-02,5505.283691,1
2019-05-03,5768.289551,1
2019-05-04,5831.16748,0
2019-05-05,5795.708496,0
2019-05-06,5746.807129,1
2019-05-07,5829.501465,1
2019-05-08,5982.45752,1
2019-05-09,6174.528809,1
2019-05-10,6378.849121,1
2019-05-11,7204.771484,0
2019-05-12,6972.371582,1
2019-05-13,7814.915039,1
2019-05-14,7994.416016,1
2019-05-15,8205.167969,0
2019-05-16,7884.90918,0
2019-05-17,7343.895508,0
2019-05-18,7271.208008,1
2019-05-19,8197.689453,0
2019-05-20,7978.309082,0
2019-05-21,7963.327637,0
2019-05-22,7680.066406,1
2019-05-23,7881.84668,1
2019-05-24,7987.371582,1
2019-05-25,8052.543945,1
2019-05-26,8673.21582,1
2019-05-27,8805.77832,0
2019-05-28,8719.961914,0
2019-05-29,8659.487305,0
2019-05-30,8319.472656,1
2019-05-31,8574.501953,0
2019-06-01,8564.016602,1
2019-06-02,8742.958008,0
2019-06-03,8208.995117,0
2019-06-04,7707.770996,1
2019-06-05,7824.231445,0
2019-06-06,7822.023438,1
2019-06-07,8043.951172,0
2019-06-08,7954.12793,0
2019-06-09,7688.077148,1
2019-06-10,8000.32959,0
2019-06-11,7927.714355,1
2019-06-12,8145.857422,1
2019-06-13,8230.923828,1
2019-06-14,8693.833008,1
2019-06-15,8838.375,1
2019-06-16,8994.488281,1
2019-06-17,9320.352539,0
2019-06-18,9081.762695,1
2019-06-19,9273.521484,1
2019-06-20,9527.160156,1
2019-06-21,10144.556641,1
2019-06-22,10701.691406,1
2019-06-23,10855.371094,1
2019-06-24,11011.102539,1
2019-06-25,11790.916992,1
2019-06-26,13016.231445,0
2019-06-27,11182.806641,1
2019-06-28,12407.332031,0
2019-06-29,11959.371094,0
2019-06-30,10817.155273,0
2019-07-01,10583.134766,1
2019-07-02,10801.677734,1
2019-07-03,11961.269531,0
2019-07-04,11215.4375,0
2019-07-05,10978.459961,1
2019-07-06,11208.550781,1
2019-07-07,11450.84668,1
2019-07-08,12285.958008,1
2019-07-09,12573.8125,0
2019-07-10,12156.512695,0
2019-07-11,11358.662109,1
2019-07-12,11815.986328,0
2019-07-13,11392.378906,0
2019-07-14,10256.058594,1
2019-07-15,10895.089844,0
2019-07-16,9477.641602,1
2019-07-17,9693.802734,1
2019-07-18,10666.482422,0
2019-07-19,10530.732422,1
2019-07-20,10767.139648,0
2019-07-21,10599.105469,0
2019-07-22,10343.106445,0
2019-07-23,9900.767578,0
2019-07-24,9811.925781,1
2019-07-25,9911.841797,0
2019-07-26,9870.303711,0
2019-07-27,9477.677734,1
2019-07-28,9552.860352,0
2019-07-29,9519.145508,1
2019-07-30,9607.423828,1
2019-07-31,10085.62793,1
2019-08-01,10399.668945,1
2019-08-02,10518.174805,1
2019-08-03,10821.726563,1
2019-08-04,10970.18457,1
2019-08-05,11805.65332,0
2019-08-06,11478.168945,1
2019-08-07,11941.96875,1
2019-08-08,11966.407227,0
2019-08-09,11862.936523,0
2019-08-10,11354.024414,1
2019-08-11,11523.579102,0
2019-08-12,11382.616211,0
2019-08-13,10895.830078,0
2019-08-14,10051.704102,1
2019-08-15,10311.545898,1
2019-08-16,10374.338867,0
2019-08-17,10231.744141,1
2019-08-18,10345.810547,1
2019-08-19,10916.053711,0
2019-08-20,10763.232422,0
2019-08-21,10138.049805,1
2019-08-22,10182.76,1
2019-08-23,10361.52,0
2019-08-24,10179.869999999999,0
2019-08-25,9998.22,1
2019-08-26,10265.73,0
2019-08-27,10143.08,0
2019-08-28,9669.45,0
2019-08-29,9526.03,1
2019-08-30,9626.18,1
2019-08-31,9632.5,1
2019-09-01,9638.82,1
2019-09-02,10408.87,1
2019-09-03,10712.47,0
2019-09-04,10626.01,0
2019-09-05,10518.1,0
2019-09-06,10356.88,1
2019-09-07,10361.79,1
2019-09-08,10366.7,0
2019-09-09,10237.89,0
2019-09-10,10052.99,1
2019-09-11,10099.08,1
2019-09-12,10331.07,0
2019-09-13,10270.67,1
2019-09-14,10273.225,1
2019-09-15,10275.78,0
2019-09-16,10215.87,1
2019-09-17,10250.3,0
2019-09-18,10196.93,1
2019-09-19,10258.85,0
2019-09-20,10135.94,0
2019-09-21,10072.369999999999,0
2019-09-22,10008.8,0
2019-09-23,9765.49,0
2019-09-24,8582.0,0
2019-09-25,8511.8,0
2019-09-26,8094.12,0
2019-09-27,8060.97,0
2019-09-28,8037.360000000001,0
2019-09-29,8013.75,1
2019-09-30,8240.9,1
2019-10-01,8380.24,0
2019-10-02,8235.09,0
2019-10-03,8161.33,1
2019-10-04,8170.58,0
2019-10-05,8039.615,0
2019-10-06,7908.65,1
2019-10-07,8218.03,0
2019-10-08,8130.26,1
2019-10-09,8590.16,0
2019-10-10,8580.86,0
2019-10-11,8342.93,0
2019-10-12,8303.135,0
2019-10-13,8263.34,1
2019-10-14,8343.42,0
2019-10-15,8144.33,0
2019-10-16,7988.24,1
2019-10-17,8046.49,0
2019-10-18,7947.7,1
2019-10-19,8087.1,1
2019-10-20,8226.5,0
2019-10-21,8207.68,0
2019-10-22,8125.1,0
2019-10-23,7491.38,0
2019-10-24,7456.59,1
2019-10-25,8574.4,1
2019-10-26,9099.04,1
2019-10-27,9623.68,0
2019-10-28,9456.3,0
2019-10-29,9446.04,0
2019-10-30,9184.99,1
2019-10-31,9189.42,1
2019-11-01,9212.68,0
2019-11-02,9185.19,0
2019-11-03,9157.7,1
2019-11-04,9443.36,0
2019-11-05,9357.06,0
2019-11-06,9314.92,0
2019-11-07,9209.87,0
2019-11-08,8866.55,1
2019-11-09,8954.3,1
2019-11-10,9042.05,0
2019-11-11,8736.17,1
2019-11-12,8764.95,0
2019-11-13,8753.01,0
2019-11-14,8651.15,0
2019-11-15,8453.89,1
2019-11-16,8504.634999999998,1
2019-11-17,8555.38,0
2019-11-18,8218.67,0
2019-11-19,8108.09,0
2019-11-20,8087.79,0
2019-11-21,7598.7,0
2019-11-22,7343.85,0
2019-11-23,7196.925,0
2019-11-24,7050.0,1
2019-11-25,7214.3,0
2019-11-26,7113.51,1
2019-11-27,7550.08,1
2019-11-28,7564.94,1
2019-11-29,7710.34,0
2019-11-30,7545.895,0
2019-12-01,7381.45,0
2019-12-02,7319.36,1
2019-12-03,7329.85,0
2019-12-04,7187.39,1
2019-12-05,7379.66,1
2019-12-06,7469.48,1
2019-12-07,7508.19,1
2019-12-08,7546.9,0
2019-12-09,7356.78,0
2019-12-10,7222.09,0
2019-12-11,7191.95,1
2019-12-12,7200.62,1
2019-12-13,7240.62,0
2019-12-14,7180.6900000000005,0
2019-12-15,7120.76,0
2019-12-16,6876.58,0
2019-12-17,6616.45,1
2019-12-18,7131.58,1
2019-12-19,7157.05,1
2019-12-20,7198.73,1
2019-12-21,7302.889999999999,1
2019-12-22,7407.05,0
2019-12-23,7319.77,0
2019-12-24,7246.81,0
2019-12-25,7211.27,0
2019-12-26,7189.08,1
2019-12-27,7219.5,1
2019-12-28,7303.99,1
2019-12-29,7388.48,0
2019-12-30,7243.35,0
2019-12-31,7158.27,1
2020-01-01,7216.21,0
2020-01-02,6960.58,1
2020-01-03,7269.82,1
2020-01-04,7316.6849999999995,1
2020-01-05,7363.55,1
2020-01-06,7575.93,1
2020-01-07,8021.36,0
2020-01-08,8004.26,0
2020-01-09,7786.84,1
2020-01-10,8043.69,1
2020-01-11,8101.99,0
2020-01-12,8099.1,1
2020-01-13,8131.06,1
2020-01-14,8736.16,1
2020-01-15,8821.69,0
2020-01-16,8678.8,1
2020-01-17,8906.32,1
2020-01-18,8914.28,0
2020-01-19,8718.75,0
2020-01-20,8671.68,1
2020-01-21,8721.88,0
2020-01-22,8640.65,0
2020-01-23,8382.87,1
2020-01-24,8406.05,0
2020-01-25,8370.63,1
2020-01-26,8583.18,1
2020-01-27,8945.5,1
2020-01-28,9042.56,1
2020-01-29,9354.7,1
2020-01-30,9552.18,0
2020-01-31,9354.29,1
2020-02-01,9358.74,1
2020-02-02,9443.43,0
2020-02-03,9274.19,0
2020-02-04,9139.77,1
2020-02-05,9687.28,1
2020-02-06,9737.36,1
2020-02-07,9744.46,1
2020-02-08,9925.58,1
2020-02-09,10077.63,0
2020-02-10,9866.28,1
2020-02-11,10236.53,1
2020-02-12,10389.08,0
2020-02-13,10180.13,1
2020-02-14,10344.55,0
2020-02-15,9924.7,0
2020-02-16,9773.09,0
2020-02-17,9646.95,1
2020-02-18,10154.96,0
2020-02-19,9612.05,0
2020-02-20,9610.56,1
2020-02-21,9674.01,1
2020-02-22,9697.32,1
2020-02-23,9885.42,0
2020-02-24,9606.78,0
2020-02-25,9383.9,0
2020-02-26,8747.24,1
2020-02-27,8757.31,0
2020-02-28,8671.27,0
2020-02-29,8633.36,0
2020-03-01,8512.54,1
2020-03-02,8945.93,0
2020-03-03,8738.3,0
2020-03-04,8732.24,1
2020-03-05,9115.82,1
2020-03-06,9138.35,0
2020-03-07,8892.79,0
2020-03-08,8079.07,0
2020-03-09,7861.2,1
2020-03-10,7999.1,0
2020-03-11,7863.14,0
2020-03-12,5725.35,0
2020-03-13,5434.09,0
2020-03-14,5334.27,0
2020-03-15,5177.49,0
2020-03-16,4904.48,1
2020-03-17,5469.8,0
2020-03-18,5338.27,1
2020-03-19,6254.32,0
2020-03-20,5971.92,1
2020-03-21,6336.94,0
2020-03-22,5937.7,1
2020-03-23,6414.54,1
2020-03-24,6752.28,0
2020-03-25,6598.56,1
2020-03-26,6744.69,0
2020-03-27,6683.67,0
2020-03-28,6258.91,0
2020-03-29,5949.89,1
2020-03-30,6477.56,1
2020-03-31,6481.37,0
2020-04-01,6351.21,1
2020-04-02,6749.37,0
2020-04-03,6703.55,1
2020-04-04,6843.81,0
2020-04-05,6761.43,1
2020-04-06,7231.12,0
2020-04-07,7118.23,1
2020-04-08,7325.08,0
2020-04-09,7306.08,0
2020-04-10,6920.1,0
2020-04-11,6796.91,1
2020-04-12,7122.4,0
2020-04-13,6828.62,1
2020-04-14,6873.41,0
2020-04-15,6752.45,1
2020-04-16,7060.08,1
2020-04-17,7060.14,1
2020-04-18,7233.21,0
2020-04-19,7150.37,0
2020-04-20,6868.11,1
2020-04-21,6894.6,1
2020-04-22,7119.34,1
2020-04-23,7541.59,0
2020-04-24,7533.88,1
2020-04-25,7553.5,1
2020-04-26,7651.93,1
2020-04-27,7708.12,1
2020-04-28,7736.85,1
2020-04-29,8933.48,0
2020-04-30,8826.56,0
2020-05-01,8734.2,1
2020-05-02,8934.5,0
2020-05-03,8848.36,1
2020-05-04,8921.68,1
2020-05-05,8951.51,1
2020-05-06,9250.9,1
2020-05-07,9801.31,1
2020-05-08,9998.9,0
2020-05-09,9649.88,0
2020-05-10,8675.29,0
2020-05-11,8636.21,1
2020-05-12,8824.98,1
2020-05-13,9300.04,1
2020-05-14,9656.61,0
2020-05-15,9241.91,1
2020-05-16,9381.42,1
2020-05-17,9738.8,0
2020-05-18,9677.73,1
2020-05-19,9690.24,0
2020-05-20,9588.55,0
2020-05-21,9056.92,1
2020-05-22,9181.0,1
2020-05-23,9235.17,0
2020-05-24,9001.5,0
2020-05-25,8914.38,0
2020-05-26,8859.07,1
2020-05-27,9163.42,1
2020-05-28,9446.84,0
2020-05-29,9415.96,1
2020-05-30,9440.21,1
2020-05-31,9505.38,1
2020-06-01,9680.19,0
2020-06-02,9522.85,1
2020-06-03,9583.65,1
2020-06-04,9783.87,0
2020-06-05,9712.33,0
2020-06-06,9706.0,1
2020-06-07,9732.43,0
2020-06-08,9702.87,1
2020-06-09,9749.6,1
2020-06-10,9867.63,0
2020-06-11,9340.86,1
2020-06-12,9463.3,0
2020-06-13,9403.53,0
2020-06-14,9382.05,1
2020-06-15,9481.06,1
2020-06-16,9494.7,0
2020-06-17,9374.04,0
2020-06-18,9343.09,0
2020-06-19,9315.35,1
2020-06-20,9318.47,0
2020-06-21,9310.9,1
2020-06-22,9645.06,0
2020-06-23,9629.89,0
2020-06-24,9288.58,0
2020-06-25,9275.81,0
2020-06-26,9190.26,0
2020-06-27,8946.51,1
2020-06-28,9109.76,1
2020-06-29,9180.36,0
2020-06-30,9147.09,1
2020-07-01,9239.05,0
2020-07-02,9082.38,1
2020-07-03,9092.7,1
2020-07-04,9131.21,0
2020-07-05,9013.96,1
2020-07-06,9277.06,0
2020-07-07,9254.79,1
2020-07-08,9430.25,0
2020-07-09,9237.04,0
2020-07-10,9235.1,0
2020-07-11,9217.05,1
2020-07-12,9232.34,1
2020-07-13,9249.8,1
2020-07-14,9272.83,0
2020-07-15,9213.7,0
2020-07-16,9103.61,1
2020-07-17,9157.69,1
2020-07-18,9179.26,0
2020-07-19,9171.94,1
2020-07-20,9175.47,1
2020-07-21,9376.53,1
2020-07-22,9377.3,1
2020-07-23,9593.77,1
2020-07-24,9629.62,1
2020-07-25,9729.45,1
2020-07-26,9895.63,1
2020-07-27,10891.81,1
2020-07-28,10981.18,1
2020-07-29,11222.15,0
2020-07-30,11150.47,1
2020-07-31,11345.63,1
2020-08-01,11847.66,0
2020-08-02,11090.63,1
2020-08-03,11383.53,0
2020-08-04,11214.45,1
2020-08-05,11692.68,1
2020-08-06,11851.58,0
2020-08-07,11575.83,1
2020-08-08,11716.3,0
2020-08-09,11679.9,1
2020-08-10,11859.27,0
2020-08-11,11212.89,1
2020-08-12,11565.95,1
2020-08-13,11615.32,1
2020-08-14,11770.13,1
2020-08-15,11870.5,0
2020-08-16,11849.5,1
2020-08-17,12327.23,0
2020-08-18,12030.11,0
2020-08-19,11715.31,1
2020-08-20,11863.08,0
2020-08-21,11621.41,0
2020-08-22,11608.04,1
2020-08-23,11669.22,1
2020-08-24,11731.2,0
2020-08-25,11265.47,1
2020-08-26,11513.5,0
2020-08-27,11267.05,1
2020-08-28,11502.58,1
2020-08-29,11518.05,1
2020-08-30,11640.79,1
2020-08-31,11678.6,1
2020-09-01,12022.35,0
2020-09-02,11375.47,0
2020-09-03,10785.86,0
2020-09-04,10606.46,0
2020-09-05,10086.94,1
2020-09-06,10236.79,0
2020-09-07,10154.11,0
2020-09-08,10016.81,1
2020-09-09,10259.62,1
2020-09-10,10307.29,1
2020-09-11,10329.82,1
2020-09-12,10441.8,0
2020-09-13,10318.18,1
2020-09-14,10694.29,1
2020-09-15,10867.34,1
2020-09-16,10998.05,0
2020-09-17,10937.41,0
2020-09-18,10890.68,1
2020-09-19,11093.84,0
2020-09-20,10858.0,0
2020-09-21,10479.79,1
2020-09-22,10516.06,0
2020-09-23,10224.14,1
2020-09-24,10631.74,1
2020-09-25,10717.46,1
2020-09-26,10720.88,1
2020-09-27,10725.25,1
2020-09-28,10871.25,0
2020-09-29,10756.95,0
2020-09-30,10706.95,0
2020-10-01,10606.06,0
2020-10-02,10547.65,1
2020-10-03,10572.62,1
2020-10-04,10650.02,1
2020-10-05,10741.28,0
2020-10-06,10549.5,1
2020-10-07,10661.08,1
2020-10-08,10898.05,1
2020-10-09,11041.96,1
2020-10-10,11367.8,0
2020-10-11,11332.36,1
2020-10-12,11568.4,0
2020-10-13,11434.88,0
2020-10-14,11393.36,1
2020-10-15,11545.26,0
2020-10-16,11319.41,1
2020-10-17,11354.91,1
2020-10-18,11445.83,1
2020-10-19,11735.13,1
2020-10-20,11904.78,1
2020-10-21,12855.5,1
2020-10-22,13124.02,0
2020-10-23,12942.9,1
2020-10-24,13113.04,0
2020-10-25,13036.88,0
2020-10-26,13019.83,1
2020-10-27,13620.54,0
2020-10-28,13213.48,1
2020-10-29,13486.71,1
2020-10-30,13639.46,1
2020-10-31,13850.1,0
2020-11-01,13823.15,0
2020-11-02,13619.76,1
2020-11-03,13741.48,1
2020-11-04,14008.75,1
2020-11-05,15243.85,1
2020-11-06,15553.32,0
2020-11-07,14837.0,1
2020-11-08,15342.02,1
2020-11-09,15387.48,1
2020-11-10,15389.01,1
2020-11-11,15831.57,1
2020-11-12,16159.74,1
2020-11-13,16294.47,0
2020-11-14,16008.29,0
2020-11-15,15857.79,1
2020-11-16,16704.72,1
2020-11-17,17639.21,1
2020-11-18,17786.57,1
2020-11-19,17946.04,1
2020-11-20,18589.49,1
2020-11-21,18670.93,0
2020-11-22,18597.77,0
2020-11-23,18422.02,1
2020-11-24,18944.86,0
2020-11-25,18880.69,0
2020-11-26,17055.5,0
2020-11-27,17005.85,1
2020-11-28,17763.11,1
2020-11-29,18270.66,1
2020-11-30,19378.61,0
2020-12-01,19055.69,1
2020-12-02,19156.67,1
2020-12-03,19462.14,0
2020-12-04,18825.45,1
2020-12-05,19020.64,1
2020-12-06,19248.35,0
2020-12-07,19084.67,0
2020-12-08,18773.5,0
2020-12-09,18520.56,0
2020-12-10,18349.98,0
2020-12-11,18101.38,1
2020-12-12,18800.18,1
2020-12-13,19178.3,1
2020-12-14,19199.17,1
2020-12-15,19424.24,1
2020-12-16,21206.36,1
2020-12-17,22779.13,1
2020-12-18,22901.2,1
2020-12-19,23992.92,0
2020-12-20,23385.77,0
2020-12-21,23142.45,1
2020-12-22,23437.95,0
2020-12-23,23297.72,1
2020-12-24,23405.27,1
2020-12-25,24411.43,1
2020-12-26,26670.1,0
2020-12-27,26385.71,1
2020-12-28,26599.22,1
2020-12-29,26895.14,1
2020-12-30,28904.39,1
2020-12-31,28996.28,1
2021-01-01,29250.59,1
2021-01-02,31702.36,1
2021-01-03,33591.73,0
2021-01-04,31037.38,1
2021-01-05,33792.24,1
2021-01-06,35939.27,1
2021-01-07,39733.0,1
2021-01-08,40040.7,1
2021-01-09,40858.59,0
2021-01-10,38048.82,0
2021-01-11,33964.38,1
2021-01-12,34712.73,1
2021-01-13,37283.48,1
2021-01-14,38765.5,0
2021-01-15,36261.52,0
2021-01-16,35935.02,1
2021-01-17,36533.95,0
2021-01-18,36234.13,1
2021-01-19,36489.64,0
2021-01-20,34913.07,0
2021-01-21,31217.0,1
2021-01-22,33322.33,0
2021-01-23,32366.47,0
2021-01-24,31932.47,1
2021-01-25,32701.29,0
2021-01-26,32017.04,0
2021-01-27,31005.85,1
2021-01-28,33248.02,1
2021-01-29,34641.09,1
2021-01-30,34694.89,0
2021-01-31,32601.26,1
2021-02-01,33664.82,1
2021-02-02,35687.9,1
2021-02-03,37294.95,1
2021-02-04,37681.13,1
2021-02-05,37858.84,1
2021-02-06,40093.11,0
2021-02-07,38590.04,1
2021-02-08,44691.74,1
2021-02-09,47335.77,0
2021-02-10,45039.51,1
2021-02-11,46931.97,1
2021-02-12,47947.17,0
2021-02-13,47177.95,1
2021-02-14,48865.24,0
2021-02-15,48203.45,1
2021-02-16,48585.51,1
2021-02-17,52400.42,0
2021-02-18,52037.53,1
2021-02-19,55629.08,1
2021-02-20,56537.03,1
2021-02-21,57355.29,0
2021-02-22,54938.64,0
2021-02-23,47962.92,1
2021-02-24,48758.53,0
2021-02-25,48083.51,0
2021-02-26,45672.06,1
2021-02-27,46864.06,0
2021-02-28,45248.24,1
2021-03-01,48856.4,0
2021-03-02,47451.1,1
2021-03-03,50952.74,0
2021-03-04,47918.88,1
2021-03-05,49053.13,0
2021-03-06,48602.01,1
2021-03-07,50107.87,1
2021-03-08,51878.94,1
2021-03-09,54320.06,1
2021-03-10,56931.78,1
2021-03-11,57624.02,0
2021-03-12,56965.96,1
2021-03-13,61078.03,0
2021-03-14,60273.94,0
2021-03-15,56414.61,0
2021-03-16,56388.15,1
2021-03-17,57751.66,0
2021-03-18,57501.51,1
2021-03-19,58410.01,1
2021-03-20,58541.76,0
2021-03-21,57813.39,0
2021-03-22,54554.83,0
2021-03-23,54447.56,0
2021-03-24,54050.57,0
2021-03-25,52001.01,1
2021-03-26,54002.49,1
2021-03-27,55887.89,0
2021-03-28,54845.71,1
2021-03-29,57234.35,1
2021-03-30,58673.67,1
2021-03-31,58960.2,0
2021-04-01,58859.78,0
2021-04-02,58674.76,0
2021-04-03,58064.8,0
2021-04-04,58044.39,1
2021-04-05,58799.14,0
2021-04-06,58243.87,0
2021-04-07,56227.64,1
2021-04-08,57679.16,1
2021-04-09,58333.6,1
2021-04-10,58568.57,1
2021-04-11,59674.92,1
2021-04-12,59977.92,1
2021-04-13,63193.56,0
2021-04-14,62384.19,1
2021-04-15,63410.29,0
2021-04-16,62005.42,0
2021-04-17,60870.13,0
2021-04-18,56291.89,0
2021-04-19,56210.89,1
2021-04-20,56800.5,0
2021-04-21,54996.31,0
2021-04-22,51593.44,0
2021-04-23,50567.72,1
2021-04-24,50984.81,0
2021-04-25,48122.24,1
2021-04-26,53262.87,1
2021-04-27,55192.62,0
2021-04-28,54438.68,0
2021-04-29,52990.9,1
2021-04-30,56814.44,1
2021-05-01,57725.77,0
2021-05-02,57042.24,0
2021-05-03,56811.66,0
2021-05-04,54770.39,1
2021-05-05,56895.44,0
2021-05-06,55955.47,1
2021-05-07,57684.39,1
2021-05-08,59004.37,0
2021-05-09,57931.38,0
2021-05-10,55308.81,1
2021-05-11,56911.32,0
2021-05-12,54482.81,0
2021-05-13,49312.81,0
2021-05-14,49193.56,0
2021-05-15,48242.61,0
2021-05-16,44098.92,1
2021-05-17,44816.08,0
2021-05-18,43294.36,0
2021-05-19,38336.11,1
2021-05-20,40078.49,0
2021-05-21,35251.36,1
2021-05-22,38084.88,0
2021-05-23,33700.55,1
2021-05-24,39024.16,0
2021-05-25,37646.5,1
2021-05-26,38774.5,0
2021-05-27,38495.29,0
2021-05-28,35218.36,0
2021-05-29,34269.86,1
2021-05-30,36081.09,1
2021-05-31,36690.89,0
2021-06-01,36322.98,1
2021-06-02,37745.13,1
2021-06-03,38705.27,0
2021-06-04,37056.79,0
2021-06-05,35854.31,1
2021-06-06,35978.7,0
2021-06-07,34457.74,0
2021-06-08,33629.96,1
2021-06-09,36408.39,1
2021-06-10,36494.56,1
2021-06-11,37152.15,0
2021-06-12,36020.18,1
2021-06-13,39260.32,1
2021-06-14,39831.58,1
2021-06-15,39948.77,0
2021-06-16,38532.5,0
2021-06-17,37747.52,0
2021-06-18,35517.31,1
2021-06-19,36119.11,0
2021-06-20,35823.29,0
2021-06-21,32582.59,1
2021-06-22,32903.52,1
2021-06-23,33059.18,1
2021-06-24,34859.9,0
2021-06-25,32215.31,0
2021-06-26,31305.79,1
2021-06-27,32635.76,1
2021-06-28,34677.77,1
2021-06-29,36168.2,0
2021-06-30,34585.0,0
2021-07-01,33422.0,0
2021-07-02,33142.64,1
2021-07-03,34728.55,1
2021-07-04,35547.25,0
2021-07-05,33855.36,1
2021-07-06,33957.11,1
2021-07-07,34544.86,0
2021-07-08,32815.73,1
2021-07-09,33522.57,0
2021-07-10,33332.25,1
2021-07-11,33854.3,0
2021-07-12,32849.59,0
2021-07-13,32508.34,1
2021-07-14,32813.83,0
2021-07-15,31758.37,1
2021-07-16,31842.51,0
2021-07-17,31737.26,0
2021-07-18,31652.45,0
2021-07-19,30776.39,0
2021-07-20,29865.53,1
2021-07-21,31818.67,1
2021-07-22,32247.75,1
2021-07-23,32500.7,1
2021-07-24,33939.65,1
2021-07-25,34483.2,1
2021-07-26,37751.68,1
2021-07-27,38044.5,1
2021-07-28,39985.95,0
2021-07-29,39722.08,1
2021-07-30,40689.27,1
2021-07-31,41540.22,0
2021-08-01,41268.06,0
2021-08-02,38856.63,0
2021-08-03,38072.95,1
2021-08-04,39754.38,1
2021-08-05,40899.36,1
2021-08-06,42719.51,1
2021-08-07,43975.95,0
2021-08-08,43867.4,1
2021-08-09,45464.51,1
2021-08-10,45642.9,1
2021-08-11,46345.49,0
2021-08-12,44480.11,1
2021-08-13,47609.88,0
2021-08-14,46666.78,1
2021-08-15,46718.33,0
2021-08-16,46078.11,0
2021-08-17,44992.1,0
2021-08-18,44546.67,1
2021-08-19,46587.99,1
2021-08-20,48668.03,1
2021-08-21,49011.76,0
2021-08-22,48414.22,1
2021-08-23,49515.08,0
2021-08-24,48345.65,1
2021-08-25,48712.63,0
2021-08-26,47036.43,1
2021-08-27,48921.81,0
2021-08-28,48755.08,1
2021-08-29,48925.24,0
2021-08-30,48648.9,0
2021-08-31,47008.53,1
2021-09-01,48272.51,1
2021-09-02,49562.1,1
2021-09-03,50152.52,1
2021-09-04,50182.7,1
2021-09-05,51668.21,1
2021-09-06,51934.74,0
2021-09-07,46819.01,0
2021-09-08,46060.72,1
2021-09-09,46256.1,0
2021-09-10,45077.81,1
2021-09-11,45319.68,0
2021-09-12,45089.47,1
2021-09-13,45187.52,1
2021-09-14,46828.18,1
2021-09-15,47941.58,0
2021-09-16,47149.38,0
2021-09-17,46990.35,1
2021-09-18,47994.88,0
2021-09-19,47601.08,0
2021-09-20,43537.86,0
2021-09-21,40926.74,1
2021-09-22,43451.15,1
2021-09-23,44710.2,0
2021-09-24,42981.54,0
2021-09-25,42678.81,1
2021-09-26,43651.76,0
2021-09-27,42706.99,0
2021-09-28,41785.9,0
2021-09-29,41125.06,1
2021-09-30,43436.35,1
2021-10-01,48132.9,0
2021-10-02,48019.13,1
2021-10-03,48464.31,1
2021-10-04,49006.15,1
2021-10-05,51474.19,1
2021-10-06,54936.9,0
2021-10-07,54184.24,0
2021-10-08,53993.31,1
2021-10-09,54670.87,1
2021-10-10,55435.21,1
2021-10-11,57341.5,0
2021-10-12,55362.51,1
2021-10-13,56982.87,1
2021-10-14,57443.04,1
2021-10-15,62526.67,0
2021-10-16,61014.11,0
2021-10-17,59400.14,1
2021-10-18,61367.44,1
2021-10-19,64121.31,1
2021-10-20,65996.35,0
2021-10-21,62680.43,0
2021-10-22,60726.01,1
2021-10-23,61124.51,1
2021-10-24,61159.77,1
2021-10-25,62544.64,0
2021-10-26,62096.9,0
2021-10-27,58924.76,1
2021-10-28,61395.58,1
2021-10-29,62395.66,0
2021-10-30,61682.78,0
2021-10-31,60975.98,0
2021-11-01,60727.52,1
2021-11-02,63141.03,0
2021-11-03,62776.06,0
2021-11-04,61365.05,0
2021-11-05,60976.2,1
2021-11-06,61201.83,1
2021-11-07,62884.45,1
2021-11-08,66138.54,1
2021-11-09,67734.04,0
2021-11-10,64293.61,1
2021-11-11,65069.89,0
2021-11-12,64100.68,1
2021-11-13,64367.64,0
2021-11-14,64336.55,0
2021-11-15,63899.88,0
2021-11-16,60488.5,0
2021-11-17,60117.19,0
2021-11-18,57595.39,1
2021-11-19,57869.63,1
2021-11-20,59651.08,0
2021-11-21,59541.76,0
2021-11-22,56278.01,1
2021-11-23,57709.14,0
2021-11-24,57331.67,1
2021-11-25,58855.15,0
2021-11-26,54019.74,1
2021-11-27,54625.03,1
2021-11-28,56341.89,1
2021-11-29,58316.89,0
2021-11-30,57138.67,0
2021-12-01,57029.49,0
2021-12-02,56903.45,0
2021-12-03,53655.27,0
2021-12-04,48765.22,1
2021-12-05,49229.81,1
2021-12-06,50120.56,1
2021-12-07,50527.72,1
2021-12-08,50635.11,0
2021-12-09,47997.76,0
2021-12-10,47952.18,1
2021-12-11,48813.56,1
2021-12-12,49965.29,0
2021-12-13,46828.95,1
2021-12-14,48310.62,1
2021-12-15,49192.58,0
2021-12-16,48111.68,0
2021-12-17,46873.03,1
2021-12-18,46971.17,0
2021-12-19,46741.79,1
2021-12-20,46987.56,1
2021-12-21,49106.42,0
2021-12-22,49073.95,1
2021-12-23,50849.2,1
2021-12-24,50908.79,1
2021-12-25,50986.51,0
2021-12-26,50808.21,1
2021-12-27,50989.1,0
2021-12-28,47561.31,0
2021-12-29,47232.15,1
2021-12-30,47298.35,0
2021-12-31,46333.65,1
2022-01-01,47333.2,0
2022-01-02,47028.52,0
2022-01-03,45997.26,1
2022-01-04,46220.42,0
2022-01-05,43603.88,0
2022-01-06,43120.88,0
2022-01-07,41881.75,0
2022-01-08,41788.38,1
2022-01-09,42315.13,0
2022-01-10,41729.31,1
2022-01-11,42687.27,1
2022-01-12,43793.81,0
2022-01-13,42828.59,1
2022-01-14,43321.7,1
2022-01-15,43333.72,0
2022-01-16,42982.4,0
2022-01-17,41743.99,1
2022-01-18,42395.22,0
2022-01-19,41724.22,0
2022-01-20,41326.77,0
2022-01-21,36692.38,0
2022-01-22,35402.77,0
2022-01-23,35364.47,1
2022-01-24,36828.36,0
2022-01-25,36579.75,0
2022-01-26,36356.7,0
2022-01-27,36198.95,1
2022-01-28,37807.95,1
2022-01-29,38388.74,0
2022-01-30,37754.4,1
2022-01-31,38437.84,1
2022-02-01,38813.82,0
2022-02-02,36936.93,1
2022-02-03,36964.58,1
2022-02-04,40647.25,1
2022-02-05,41673.4,1
2022-02-06,41687.25,1
2022-02-07,44102.99,1
2022-02-08,44230.11,1
2022-02-09,44497.51,0
2022-02-10,43776.42,0
2022-02-11,42563.24,0
2022-02-12,41899.77,1
2022-02-13,42228.76,1
2022-02-14,42249.01,1
2022-02-15,43999.15,1
2022-02-16,44092.86,0
2022-02-17,40699.63,0
2022-02-18,39991.9,0
2022-02-19,39942.63,0
2022-02-20,38252.4,0
2022-02-21,37076.09,1
2022-02-22,37893.47,0
2022-02-23,37543.5,1
2022-02-24,38414.95,1
2022-02-25,38994.5,1
2022-02-26,39480.74,0
2022-02-27,37435.48,1
2022-02-28,41654.97,1
2022-03-01,43900.24,1
2022-03-02,44090.72,0
2022-03-03,42096.97,0
2022-03-04,39393.7,0
2022-03-05,39380.38,0
2022-03-06,39030.04,0
2022-03-07,37839.36,1
2022-03-08,38506.43,1
2022-03-09,41893.74,0
2022-03-10,39329.95,0
2022-03-11,38860.7,1
2022-03-12,39102.38,0
2022-03-13,38687.43,1
2022-03-14,38725.24,1
2022-03-15,39441.9,1
2022-03-16,41258.79,0
2022-03-17,40724.56,1
2022-03-18,41755.9,1
2022-03-19,42219.42,0
2022-03-20,41308.02,0
2022-03-21,41136.88,1
2022-03-22,42606.24,0
2022-03-23,42368.58,1
2022-03-24,43895.65,1
2022-03-25,44577.76,1
2022-03-26,44590.9,1
2022-03-27,46111.06,1
2022-03-28,47967.56,0
2022-03-29,47486.26,0
2022-03-30,47277.24,0
2022-03-31,45767.58,1
2022-04-01,46168.58,1
2022-04-02,46196.63,1
2022-04-03,46387.63,0
2022-04-04,46311.76,0
2022-04-05,45868.99,0
2022-04-06,43885.38,0
2022-04-07,43577.22,0
2022-04-08,42815.77,0
2022-04-09,42447.77,1
2022-04-10,43125.15,0
2022-04-11,39846.47,0
2022-04-12,39534.08,1
2022-04-13,41254.52,0
2022-04-14,39915.93,1
2022-04-15,40404.52,0
2022-04-16,40294.88,0
2022-04-17,40273.09,1
2022-04-18,40673.67,1
2022-04-19,41297.9,1
2022-04-20,41430.79,0
2022-04-21,40615.45,0
2022-04-22,39621.31,1
2022-04-23,39808.74,0
2022-04-24,39515.9,1
2022-04-25,40186.18,0
2022-04-26,38123.52,1
2022-04-27,39106.93,1
2022-04-28,39889.27,0
2022-04-29,38560.04,0
2022-04-30,38334.7,0
2022-05-01,38320.24,0
2022-05-02,38312.41,0
2022-05-03,37784.82,1
2022-05-04,39800.33,0
2022-05-05,36456.02,0
2022-05-06,36077.29,0
2022-05-07,35768.23,0
2022-05-08,34225.04,0
2022-05-09,30959.3,1
2022-05-10,31000.83,0
2022-05-11,28402.78,1
2022-05-12,28546.25,1
2022-05-13,29760.13,0
2022-05-14,29341.75,1
2022-05-15,31019.19,0
2022-05-16,29908.75,1
2022-05-17,30077.8,0
2022-05-18,29205.89,1
2022-05-19,30231.08,0
2022-05-20,29117.13,1
2022-05-21,29391.93,1
2022-05-22,29907.98,0
2022-05-23,29314.55,1
2022-05-24,29438.3,1
2022-05-25,29764.46,0
2022-05-26,29437.55,0
2022-05-27,28728.9,1
2022-05-28,28999.04,1
2022-05-29,29160.07,1
2022-05-30,31257.74,1
2022-05-31,31788.28,0
2022-06-01,29621.61,1
2022-06-02,30225.18,0
2022-06-03,29640.5,1
2022-06-04,29733.76,1
2022-06-05,29925.66,1
2022-06-06,31438.72,0
2022-06-07,31330.81,0
2022-06-08,30179.77,0
2022-06-09,30161.34,0
2022-06-10,29177.39,0
2022-06-11,28380.38,0
2022-06-12,27345.79,0
2022-06-13,23209.61,0
2022-06-14,21966.38,0
2022-06-15,21640.29,0
2022-06-16,20677.24,0
2022-06-17,20630.54,0
2022-06-18,17785.09,1
2022-06-19,20607.54,0
2022-06-20,20427.23,1
2022-06-21,20838.45,0
2022-06-22,19857.05,1
2022-06-23,20795.38,1
2022-06-24,21183.82,1
2022-06-25,21214.51,1
2022-06-26,21392.35,0
2022-06-27,20898.65,0
2022-06-28,20247.7,0
2022-06-29,20197.75,0
2022-06-30,18731.3,1
2022-07-01,19406.69,0
2022-07-02,19238.99,1
2022-07-03,19420.48,1
2022-07-04,19755.85,1
2022-07-05,20441.63,0
2022-07-06,20380.0,1
2022-07-07,21610.58,1
2022-07-08,21846.53,0
2022-07-09,21672.98,0
2022-07-10,20972.87,0
2022-07-11,20409.54,0
2022-07-12,19443.28,1
2022-07-13,19657.01,1
2022-07-14,20667.93,1
2022-07-15,20926.53,1
2022-07-16,21204.61,0
2022-07-17,20930.58,1
2022-07-18,21487.97,1
2022-07-19,23304.71,0
2022-07-20,23258.12,0
2022-07-21,23123.88,0
2022-07-22,22605.38,0
2022-07-23,22330.07,1
2022-07-24,22723.53,0
2022-07-25,22171.68,0
2022-07-26,20985.62,1
2022-07-27,22784.97,1
2022-07-28,24033.74,0
2022-07-29,23951.94,1
2022-07-30,23972.77,0
2022-07-31,23807.28,0
2022-08-01,23129.11,0
2022-08-02,23029.66,1
2022-08-03,23327.08,0
2022-08-04,22513.58,1
2022-08-05,22985.34,1
2022-08-06,23174.48,1
2022-08-07,23266.22,1
2022-08-08,24072.39,0
2022-08-09,23144.84,1
2022-08-10,23904.94,1
2022-08-11,24216.28,1
2022-08-12,24240.76,1
2022-08-13,24494.84,0
2022-08-14,24322.8,0
2022-08-15,24074.01,0
2022-08-16,23984.02,0
2022-08-17,23407.4,1
2022-08-18,23416.76,0
2022-08-19,21274.36,0
2022-08-20,20819.56,1
2022-08-21,21474.5,0
2022-08-22,21124.4,1
2022-08-23,21477.74,1
2022-08-24,21692.74,0
2022-08-25,21647.93,0
2022-08-26,20650.41,0
2022-08-27,20009.56,0
2022-08-28,19989.13,1
2022-08-29,20177.32,0
2022-08-30,19975.94,1
2022-08-31,20196.67,0
2022-09-01,20071.34,0
2022-09-02,19969.21,0
2022-09-03,19743.94,1
2022-09-04,19901.9,0
2022-09-05,19742.13,0
2022-09-06,18978.5,1
2022-09-07,19387.15,0
2022-09-08,19379.74,1
2022-09-09,21300.3,1
2022-09-10,21431.35,1
2022-09-11,21641.25,1
2022-09-12,22409.58,0
2022-09-13,20240.4,0
2022-09-14,19946.38,0
2022-09-15,19852.49,0
2022-09-16,19751.07,1
2022-09-17,20080.05,0
2022-09-18,19721.88,0
2022-09-19,19522.21,0
2022-09-20,18974.31,0
2022-09-21,18926.45,1
2022-09-22,19247.72,0
2022-09-23,18852.06,1
2022-09-24,19144.41,0
2022-09-25,18903.75,1
2022-09-26,19113.38,0
2022-09-27,19072.71,1
2022-09-28,19567.79,0
2022-09-29,19508.14,0
2022-09-30,19425.13,0
2022-10-01,19252.71,0
2022-10-02,19234.63,1
2022-10-03,19597.13,1
2022-10-04,20340.91,0
2022-10-05,19988.42,1
2022-10-06,20051.13,0
2022-10-07,19551.56,0
2022-10-08,19456.38,1
2022-10-09,19485.5,0
2022-10-10,19241.2,0
2022-10-11,19019.1,1
2022-10-12,19169.43,1
2022-10-13,19386.99,0
2022-10-14,19177.31,0
2022-10-15,19097.54,1
2022-10-16,19332.84,1
2022-10-17,19529.38,0
2022-10-18,19367.71,0
2022-10-19,19196.47,0
2022-10-20,19030.39,1
2022-10-21,19181.79,1
2022-10-22,19219.63,1
2022-10-23,19497.58,0
2022-10-24,19382.19,1
2022-10-25,20189.29,1
2022-10-26,20752.38,0
2022-10-27,20399.52,1
2022-10-28,20635.82,1
2022-10-29,20864.33,0
2022-10-30,20689.77,0
2022-10-31,20405.66,1
2022-11-01,20479.4,0
2022-11-02,20175.79,1
2022-11-03,20238.8,1
2022-11-04,21135.44,1
2022-11-05,21355.89,0
2022-11-06,21128.93,0
2022-11-07,20683.87,0
2022-11-08,18698.63,0
2022-11-09,15731.3,1
2022-11-10,17807.64,0
2022-11-11,16757.37,1
2022-11-12,16793.47,0
2022-11-13,16365.81,1
2022-11-14,16385.41,1
2022-11-15,16890.18,0
2022-11-16,16531.47,1
2022-11-17,16680.76,0
2022-11-18,16637.36,1
2022-11-19,16660.59,0
2022-11-20,16253.33,0
2022-11-21,15631.95,1
2022-11-22,16130.03,1
2022-11-23,16471.9,1
2022-11-24,16543.55,0
2022-11-25,16497.05,1
2022-11-26,16509.39,1
2022-11-27,16571.89,0
2022-11-28,16196.39,1
2022-11-29,16460.7,1
2022-11-30,17104.5,0
2022-12-01,16929.96,1
2022-12-02,17014.59,0
2022-12-03,16950.39,1
2022-12-04,17114.59,0
2022-12-05,16972.24,1
2022-12-06,16994.34,0
2022-12-07,16830.68,1
2022-12-08,17184.1,0
2022-12-09,17113.29,1
2022-12-10,17129.35,0
2022-12-11,17115.37,1
2022-12-12,17177.78,1
2022-12-13,17762.0,1
2022-12-14,17828.9,0
2022-12-15,17399.63,0
2022-12-16,16837.95,0
2022-12-17,16718.5,1
2022-12-18,16753.05,0
2022-12-19,16586.82,1
2022-12-20,16881.54,0
2022-12-21,16793.1,0
2022-12-22,16792.25,1
2022-12-23,16811.33,1
2022-12-24,16829.82,1
2022-12-25,16830.25,1
2022-12-26,16833.01,0
2022-12-27,16692.55,0
2022-12-28,16517.32,1
2022-12-29,16593.4,0
2022-12-30,16579.06,0
2022-12-31,16539.5,1
2023-01-01,16602.63,1
2023-01-02,16750.94,0
2023-01-03,16661.86,1
2023-01-04,16821.82,1
2023-01-05,16844.62,1
2023-01-06,16927.86,1
2023-01-07,16938.55,1
2023-01-08,16956.66,1
2023-01-09,17181.34,1
2023-01-10,17466.71,1
2023-01-11,17560.6,1
2023-01-12,18830.98,1
2023-01-13,19813.55,1
2023-01-14,20903.7,1
2023-01-15,20906.28,1
2023-01-16,21133.18,1
2023-01-17,21316.08,0
2023-01-18,20778.65,1
2023-01-19,20939.64,1
2023-01-20,22318.24,1
2023-01-21,23204.05,0
2023-01-22,22591.84,1
2023-01-23,22998.16,0
2023-01-24,22904.83,1
2023-01-25,23598.24,0
2023-01-26,23080.96,1
2023-01-27,23092.0,0
2023-01-28,23008.03,1
2023-01-29,23797.16,0
2023-01-30,22747.14,1
2023-01-31,22950.56,1
2023-02-01,23682.05,0
2023-02-02,23460.05,0
2023-02-03,23383.51,1
2023-02-04,23417.15,0
2023-02-05,22903.12,1
2023-02-06,22916.21,1
2023-02-07,23199.48,0
2023-02-08,22959.05,0
2023-02-09,21857.43,0
2023-02-10,21540.9,1
2023-02-11,21828.1,0
2023-02-12,21741.45,0
2023-02-13,21630.92,1
2023-02-14,22252.63,1
2023-02-15,24179.13,1
2023-02-16,24535.46,0
2023-02-17,24487.25,1
2023-02-18,24621.25,0
2023-02-19,24546.64,1
2023-02-20,24769.17,0
2023-02-21,24199.85,0
2023-02-22,23805.88,1
2023-02-23,23878.02,0
2023-02-24,23101.79,0
2023-02-25,22940.51,1
2023-02-26,23560.84,0
2023-02-27,23384.87,0
2023-02-28,23146.88,1
2023-03-01,23558.34,0
2023-03-02,23415.5,0
2023-03-03,22242.64,0
2023-03-04,22216.8,1
2023-03-05,22485.95,0
2023-03-06,22408.87,0
2023-03-07,22055.35,0
2023-03-08,22006.5,0
2023-03-09,20226.09,0
2023-03-10,20101.78,1
2023-03-11,20503.75,1
2023-03-12,21491.18,1
2023-03-13,24234.19,1
2023-03-14,24636.25,0
2023-03-15,24391.4,1
2023-03-16,24753.63,1
2023-03-17,26823.38,1
2023-03-18,27409.3,1
2023-03-19,27974.84,1
2023-03-20,28082.46,1
2023-03-21,28154.56,0
2023-03-22,27392.32,1
2023-03-23,28333.0,0
2023-03-24,27618.28,0
2023-03-25,27384.45,1
2023-03-26,27806.41,0
2023-03-27,27048.29,1
2023-03-28,27313.73,1
2023-03-29,28393.0,0
2023-03-30,28152.28,1
2023-03-31,28395.3,1
2023-04-01,28463.77,0
2023-04-02,28076.92,0
2023-04-03,27588.08,1
2023-04-04,28257.1,0
2023-04-05,28157.09,0
2023-04-06,27992.29,0
2023-04-07,27890.37,1
2023-04-08,27932.43,1
2023-04-09,28136.46,1
2023-04-10,29142.36,1
2023-04-11,30192.1,0
2023-04-12,29968.01,1
2023-04-13,30285.33,1
2023-04-14,30470.31,0
2023-04-15,30312.22,1
2023-04-16,30361.0,0
2023-04-17,29459.36,1
2023-04-18,30422.0,0
2023-04-19,29249.26,0
2023-04-20,28203.91,0
2023-04-21,27272.1,1
2023-04-22,27645.8,0
2023-04-23,27508.33,0
2023-04-24,27460.55,1
2023-04-25,27979.6,1
2023-04-26,28417.5,1
2023-04-27,29633.43,0
2023-04-28,29354.75,0
2023-04-29,29242.06,1
2023-04-30,29347.96,0
2023-05-01,27683.13,1
2023-05-02,28695.82,0
2023-05-03,28528.95,1
2023-05-04,28884.06,1
2023-05-05,29524.75,0
2023-05-06,28851.54,1
2023-05-07,28953.02,0
2023-05-08,27562.71,1
2023-05-09,27659.74,1
2023-05-10,27875.64,0
2023-05-11,27009.45,0
2023-05-12,26447.7,1
2023-05-13,26918.96,1
2023-05-14,26952.65,1
2023-05-15,27354.85,0
2023-05-16,26956.57,1
2023-05-17,27337.78,0
2023-05-18,26726.05,1
2023-05-19,26839.54,1
2023-05-20,27024.24,0
2023-05-21,26851.07,1
2023-05-22,26899.28,1
2023-05-23,27223.3,0
2023-05-24,26401.81,1
2023-05-25,26490.2,1
2023-05-26,26759.28,1
2023-05-27,26760.83,1
2023-05-28,27564.04,1
2023-05-29,27693.13,1
2023-05-30,27772.51,0
2023-05-31,27117.1,0
2023-06-01,26868.32,1
2023-06-02,27183.62,0
2023-06-03,27071.27,1
2023-06-04,27249.75,0
2023-06-05,25641.7,1
2023-06-06,26945.16,0
2023-06-07,26363.47,1
2023-06-08,26645.5,0
2023-06-09,26444.43,0
2023-06-10,25767.85,1
2023-06-11,26135.88,0
