Date,eth_close_price,eth_target_label
2017-11-11,314.681,0
2017-11-12,307.90799,1
2017-11-13,316.716003,1
2017-11-14,337.631012,0
2017-11-15,333.356995,0
2017-11-16,330.924011,1
2017-11-17,332.394012,1
2017-11-18,347.612,1
2017-11-19,354.385986,1
2017-11-20,366.730011,0
2017-11-21,360.401001,1
2017-11-22,380.652008,1
2017-11-23,410.165985,1
2017-11-24,474.911011,0
2017-11-25,466.276001,1
2017-11-26,471.329987,1
2017-11-27,480.355011,0
2017-11-28,472.902008,0
2017-11-29,427.52301,1
2017-11-30,447.114014,1
2017-12-01,466.540009,0
2017-12-02,463.449005,1
2017-12-03,465.852997,1
2017-12-04,470.20401,0
2017-12-05,463.281006,0
2017-12-06,428.588013,1
2017-12-07,434.40799,1
2017-12-08,456.031006,1
2017-12-09,473.502014,0
2017-12-10,441.721008,1
2017-12-11,515.135986,1
2017-12-12,651.43103,1
2017-12-13,702.767029,0
2017-12-14,695.815979,0
2017-12-15,684.447998,1
2017-12-16,696.208984,1
2017-12-17,719.974976,1
2017-12-18,794.64502,1
2017-12-19,826.822998,0
2017-12-20,819.085999,1
2017-12-21,821.062988,0
2017-12-22,674.859985,1
2017-12-23,719.387024,0
2017-12-24,694.14801,1
2017-12-25,765.833984,1
2017-12-26,773.835999,0
2017-12-27,762.84198,0
2017-12-28,737.02301,1
2017-12-29,753.59198,0
2017-12-30,717.257019,1
2017-12-31,756.732971,1
2018-01-01,772.640991,1
2018-01-02,884.44397,1
2018-01-03,962.719971,1
2018-01-04,980.921997,1
2018-01-05,997.719971,1
2018-01-06,1041.680054,1
2018-01-07,1153.170044,0
2018-01-08,1148.530029,1
2018-01-09,1299.73999,0
2018-01-10,1255.819946,0
2018-01-11,1154.930054,1
2018-01-12,1273.199951,1
2018-01-13,1396.420044,0
2018-01-14,1366.77002,0
2018-01-15,1291.920044,0
2018-01-16,1053.689941,0
2018-01-17,1014.25,1
2018-01-18,1036.280029,1
2018-01-19,1039.099976,1
2018-01-20,1155.150024,0
2018-01-21,1049.579956,0
2018-01-22,1003.26001,0
2018-01-23,986.229004,1
2018-01-24,1058.780029,0
2018-01-25,1056.030029,0
2018-01-26,1055.170044,1
2018-01-27,1107.069946,1
2018-01-28,1246.01001,0
2018-01-29,1182.359985,0
2018-01-30,1071.130005,1
2018-01-31,1118.310059,0
2018-02-01,1036.790039,0
2018-02-02,915.784973,1
2018-02-03,964.018982,0
2018-02-04,834.682007,0
2018-02-05,697.950989,1
2018-02-06,793.122009,0
2018-02-07,757.067993,1
2018-02-08,817.807007,1
2018-02-09,883.86499,0
2018-02-10,860.414978,0
2018-02-11,814.659973,1
2018-02-12,868.70697,0
2018-02-13,845.257996,1
2018-02-14,923.560974,1
2018-02-15,936.976013,1
2018-02-16,944.210022,1
2018-02-17,974.11499,0
2018-02-18,923.921021,1
2018-02-19,943.86499,0
2018-02-20,895.370972,0
2018-02-21,849.971008,0
2018-02-22,812.844971,1
2018-02-23,864.189026,0
2018-02-24,840.515015,1
2018-02-25,844.809998,1
2018-02-26,869.315002,1
2018-02-27,878.265015,0
2018-02-28,855.198975,1
2018-03-01,872.200012,0
2018-03-02,856.853027,1
2018-03-03,857.224976,1
2018-03-04,866.677979,0
2018-03-05,853.684021,0
2018-03-06,816.950989,0
2018-03-07,752.830994,0
2018-03-08,704.596008,1
2018-03-09,728.916016,0
2018-03-10,686.890015,1
2018-03-11,723.338989,0
2018-03-12,699.830994,0
2018-03-13,690.827026,0
2018-03-14,614.291016,0
2018-03-15,611.304016,0
2018-03-16,601.666016,0
2018-03-17,552.778992,0
2018-03-18,538.643982,1
2018-03-19,556.726013,1
2018-03-20,557.174988,1
2018-03-21,561.731995,0
2018-03-22,539.702026,0
2018-03-23,539.619019,0
2018-03-24,526.439026,0
2018-03-25,524.286987,0
2018-03-26,489.950989,0
2018-03-27,450.115997,0
2018-03-28,446.278992,0
2018-03-29,385.967987,1
2018-03-30,394.644989,1
2018-03-31,396.457001,0
2018-04-01,379.606995,1
2018-04-02,386.424988,1
2018-04-03,416.893005,0
2018-04-04,380.542999,1
2018-04-05,383.231995,0
2018-04-06,370.285004,1
2018-04-07,385.313995,1
2018-04-08,400.507996,0
2018-04-09,398.526001,1
2018-04-10,414.243011,1
2018-04-11,430.540009,1
2018-04-12,492.94101,0
2018-04-13,492.734985,1
2018-04-14,501.477997,1
2018-04-15,531.702026,0
2018-04-16,511.147003,0
2018-04-17,502.894012,1
2018-04-18,524.789001,1
2018-04-19,567.888977,1
2018-04-20,615.718018,0
2018-04-21,605.39502,1
2018-04-22,621.859985,1
2018-04-23,642.547974,1
2018-04-24,708.15802,0
2018-04-25,615.416016,1
2018-04-26,662.809021,0
2018-04-27,647.031982,1
2018-04-28,683.677979,1
2018-04-29,688.880981,0
2018-04-30,669.924011,1
2018-05-01,673.612976,1
2018-05-02,687.148987,1
2018-05-03,779.54303,1
2018-05-04,785.624023,1
2018-05-05,816.119995,0
2018-05-06,792.310974,0
2018-05-07,753.724976,0
2018-05-08,752.856995,0
2018-05-09,752.275024,0
2018-05-10,727.276978,0
2018-05-11,679.585999,1
2018-05-12,686.047974,1
2018-05-13,733.495972,0
2018-05-14,730.549011,0
2018-05-15,708.870972,0
2018-05-16,707.049988,0
2018-05-17,672.656982,1
2018-05-18,694.367004,1
2018-05-19,696.530029,1
2018-05-20,715.369019,0
2018-05-21,699.221985,0
2018-05-22,647.741028,0
2018-05-23,583.585022,1
2018-05-24,601.755005,0
2018-05-25,586.734009,1
2018-05-26,587.280029,0
2018-05-27,572.66803,0
2018-05-28,516.036011,1
2018-05-29,565.388,0
2018-05-30,559.590027,1
2018-05-31,577.64502,1
2018-06-01,580.04303,1
2018-06-02,591.807983,1
2018-06-03,618.328979,0
2018-06-04,592.984985,1
2018-06-05,609.302979,0
2018-06-06,607.124023,0
2018-06-07,605.187012,0
2018-06-08,601.077026,0
2018-06-09,597.562012,0
2018-06-10,526.479004,1
2018-06-11,533.283997,0
2018-06-12,496.842987,0
2018-06-13,477.493988,1
2018-06-14,519.742004,0
2018-06-15,491.003998,1
2018-06-16,499.641998,1
2018-06-17,500.447998,1
2018-06-18,518.890991,1
2018-06-19,537.95697,0
2018-06-20,536.268005,0
2018-06-21,527.367004,0
2018-06-22,465.816986,1
2018-06-23,474.519989,0
2018-06-24,457.671997,1
2018-06-25,460.309998,0
2018-06-26,432.772003,1
2018-06-27,442.36499,0
2018-06-28,422.36499,1
2018-06-29,436.009003,1
2018-06-30,455.179993,0
2018-07-01,453.917999,1
2018-07-02,475.346985,0
2018-07-03,464.195007,1
2018-07-04,467.317993,1
2018-07-05,474.411987,0
2018-07-06,474.011993,1
2018-07-07,491.660004,0
2018-07-08,489.118988,0
2018-07-09,476.682007,0
2018-07-10,434.424011,1
2018-07-11,446.518005,0
2018-07-12,430.074005,1
2018-07-13,434.027008,1
2018-07-14,436.085999,1
2018-07-15,449.850006,1
2018-07-16,480.65799,1
2018-07-17,501.002014,0
2018-07-18,480.513,0
2018-07-19,469.618988,0
2018-07-20,450.697998,1
2018-07-21,462.436005,0
2018-07-22,459.657013,0
2018-07-23,450.852997,1
2018-07-24,479.372986,0
2018-07-25,472.493011,0
2018-07-26,464.036987,1
2018-07-27,469.665985,0
2018-07-28,466.89801,0
2018-07-29,466.665009,0
2018-07-30,457.080994,0
2018-07-31,433.867004,0
2018-08-01,420.747009,0
2018-08-02,412.621002,1
2018-08-03,418.261993,0
2018-08-04,407.252014,1
2018-08-05,410.515991,0
2018-08-06,406.65799,0
2018-08-07,380.214996,0
2018-08-08,356.613007,1
2018-08-09,365.588013,0
2018-08-10,334.175995,0
2018-08-11,322.112,0
2018-08-12,319.570007,0
2018-08-13,286.494995,0
2018-08-14,278.932007,1
2018-08-15,282.364014,1
2018-08-16,288.04599,1
2018-08-17,315.729004,0
2018-08-18,295.812012,1
2018-08-19,300.834015,0
2018-08-20,274.315002,1
2018-08-21,281.944,0
2018-08-22,271.341003,1
2018-08-23,277.104004,1
2018-08-24,282.96701,0
2018-08-25,279.645996,0
2018-08-26,275.196991,1
2018-08-27,285.602997,1
2018-08-28,296.498993,0
2018-08-29,289.312012,0
2018-08-30,284.105011,0
2018-08-31,283.003998,1
2018-09-01,295.341003,0
2018-09-02,294.371002,0
2018-09-03,289.259003,0
2018-09-04,285.722992,0
2018-09-05,232.330994,0
2018-09-06,230.214996,0
2018-09-07,217.203003,0
2018-09-08,197.951004,0
2018-09-09,196.923996,1
2018-09-10,197.078995,0
2018-09-11,185.065994,0
2018-09-12,183.330994,1
2018-09-13,211.354004,1
2018-09-14,211.748993,1
2018-09-15,223.074005,0
2018-09-16,220.589005,0
2018-09-17,197.875,1
2018-09-18,209.975006,0
2018-09-19,209.968994,1
2018-09-20,224.591003,1
2018-09-21,246.584,0
2018-09-22,240.479996,1
2018-09-23,244.330002,0
2018-09-24,228.729996,0
2018-09-25,218.505005,0
2018-09-26,215.847,1
2018-09-27,228.494003,0
2018-09-28,222.401993,1
2018-09-29,231.634995,1
2018-09-30,232.848007,0
2018-10-01,230.768005,0
2018-10-02,227.181,0
2018-10-03,220.488998,1
2018-10-04,222.218002,1
2018-10-05,227.600998,0
2018-10-06,225.119995,1
2018-10-07,226.119003,1
2018-10-08,229.255005,0
2018-10-09,227.981995,0
2018-10-10,225.768997,0
2018-10-11,189.498993,1
2018-10-12,196.727005,1
2018-10-13,199.841003,0
2018-10-14,195.714996,1
2018-10-15,209.703995,1
2018-10-16,210.119995,0
2018-10-17,207.082993,0
2018-10-18,203.352005,1
2018-10-19,203.727005,1
2018-10-20,205.429993,0
2018-10-21,205.141998,0
2018-10-22,204.044006,1
2018-10-23,204.335999,0
2018-10-24,203.852005,0
2018-10-25,202.718994,1
2018-10-26,203.328995,1
2018-10-27,204.210007,1
2018-10-28,205.365997,0
2018-10-29,197.246994,1
2018-10-30,197.556,0
2018-10-31,197.380997,1
2018-11-01,198.871994,1
2018-11-02,200.634995,0
2018-11-03,200.186005,1
2018-11-04,207.485992,1
2018-11-05,209.091003,1
2018-11-06,218.451996,0
2018-11-07,217.182999,0
2018-11-08,212.231003,0
2018-11-09,210.074005,1
2018-11-10,212.533005,0
2018-11-11,211.339996,0
2018-11-12,210.417999,0
2018-11-13,206.826004,0
2018-11-14,181.397003,0
2018-11-15,180.806,0
2018-11-16,175.177002,0
2018-11-17,174.001007,1
2018-11-18,177.067001,0
2018-11-19,149.175003,0
2018-11-20,130.339005,1
2018-11-21,136.701004,0
2018-11-22,126.706001,0
2018-11-23,123.295998,0
2018-11-24,113.494003,1
2018-11-25,116.449997,0
2018-11-26,108.334999,1
2018-11-27,110.010002,1
2018-11-28,122.438004,0
2018-11-29,117.542648,0
2018-11-30,113.171417,1
2018-12-01,118.635559,0
2018-12-02,116.388901,0
2018-12-03,108.925018,1
2018-12-04,110.214188,0
2018-12-05,102.475555,0
2018-12-06,91.761055,1
2018-12-07,93.294563,0
2018-12-08,92.159637,1
2018-12-09,95.142059,0
2018-12-10,91.685654,0
2018-12-11,88.945305,1
2018-12-12,90.5933,0
2018-12-13,86.539314,0
2018-12-14,84.308296,1
2018-12-15,84.440811,1
2018-12-16,85.2621,1
2018-12-17,95.133827,1
2018-12-18,101.112457,1
2018-12-19,101.268578,1
2018-12-20,116.216873,0
2018-12-21,109.496231,1
2018-12-22,116.759499,1
2018-12-23,130.765259,1
2018-12-24,140.238007,0
2018-12-25,129.844345,1
2018-12-26,131.865631,0
2018-12-27,116.575912,1
2018-12-28,137.647018,1
2018-12-29,138.018341,1
2018-12-30,139.859451,0
2018-12-31,133.368256,1
2019-01-01,140.819412,1
2019-01-02,155.047684,0
2019-01-03,149.13501,1
2019-01-04,154.58194,1
2019-01-05,155.638596,1
2019-01-06,157.746201,0
2019-01-07,151.699219,0
2019-01-08,150.359634,1
2019-01-09,150.803116,0
2019-01-10,128.625183,0
2019-01-11,127.548325,0
2019-01-12,125.96653,0
2019-01-13,116.897804,1
2019-01-14,129.068726,0
2019-01-15,122.032715,1
2019-01-16,123.547066,1
2019-01-17,123.74192,0
2019-01-18,121.010262,1
2019-01-19,124.51902,0
2019-01-20,119.474831,0
2019-01-21,117.157852,1
2019-01-22,118.747551,0
2019-01-23,117.452606,0
2019-01-24,117.362885,0
2019-01-25,116.378342,1
2019-01-26,116.488739,0
2019-01-27,113.405289,0
2019-01-28,106.589973,0
2019-01-29,105.598213,1
2019-01-30,108.907539,0
2019-01-31,107.061012,1
2019-02-01,107.609787,1
2019-02-02,110.43026,0
2019-02-03,107.492668,1
2019-02-04,107.821602,0
2019-02-05,107.44352,0
2019-02-06,104.919289,0
2019-02-07,104.535301,1
2019-02-08,119.267746,1
2019-02-09,119.430885,1
2019-02-10,124.806488,0
2019-02-11,121.298393,1
2019-02-12,122.572289,0
2019-02-13,122.553604,0
2019-02-14,121.390205,1
2019-02-15,122.100388,1
2019-02-16,123.260216,1
2019-02-17,133.598877,1
2019-02-18,146.098373,0
2019-02-19,145.346191,1
2019-02-20,149.554337,0
2019-02-21,146.130844,1
2019-02-22,149.092453,1
2019-02-23,158.795425,0
2019-02-24,135.852661,1
2019-02-25,139.822861,0
2019-02-26,138.089676,0
2019-02-27,136.125961,1
2019-02-28,136.746246,0
2019-03-01,136.443619,0
2019-03-02,134.206955,0
2019-03-03,132.24942,0
2019-03-04,127.774124,1
2019-03-05,137.822388,1
2019-03-06,138.789352,0
2019-03-07,138.0345,0
2019-03-08,135.127075,1
2019-03-09,137.965332,0
2019-03-10,136.758682,0
2019-03-11,133.83403,1
2019-03-12,134.442886,0
2019-03-13,133.263077,1
2019-03-14,133.711594,1
2019-03-15,137.691788,1
2019-03-16,142.398178,0
2019-03-17,140.000549,0
2019-03-18,139.374603,1
2019-03-19,140.519196,1
2019-03-20,140.686356,0
2019-03-21,136.636063,1
2019-03-22,137.181442,1
2019-03-23,138.239868,0
2019-03-24,136.986923,0
2019-03-25,135.031021,1
2019-03-26,135.460358,1
2019-03-27,140.988159,0
2019-03-28,139.416473,1
2019-03-29,142.497421,0
2019-03-30,142.092682,0
2019-03-31,141.514099,1
2019-04-01,141.830322,1
2019-04-02,163.961746,0
2019-04-03,161.458801,0
2019-04-04,158.052536,1
2019-04-05,165.514847,1
2019-04-06,165.947205,1
2019-04-07,174.531647,1
2019-04-08,180.25882,0
2019-04-09,176.114578,1
2019-04-10,177.337479,0
2019-04-11,165.497025,0
2019-04-12,164.736328,0
2019-04-13,164.513351,1
2019-04-14,167.838516,0
2019-04-15,161.574173,1
2019-04-16,167.623444,0
2019-04-17,166.95076,1
2019-04-18,173.814026,0
2019-04-19,173.708435,1
2019-04-20,173.751266,0
2019-04-21,170.046524,1
2019-04-22,171.874664,0
2019-04-23,171.4478,0
2019-04-24,165.826096,0
2019-04-25,154.459396,1
2019-04-26,156.347092,1
2019-04-27,158.434937,0
2019-04-28,157.295074,0
2019-04-29,155.201996,1
2019-04-30,162.166031,0
2019-05-01,160.818344,1
2019-05-02,162.122787,1
2019-05-03,167.952408,0
2019-05-04,164.026581,0
2019-05-05,163.450699,1
2019-05-06,172.653214,0
2019-05-07,169.79866,1
2019-05-08,170.948166,0
2019-05-09,170.289307,1
2019-05-10,173.142746,1
2019-05-11,194.304337,0
2019-05-12,187.325317,1
2019-05-13,196.846283,1
2019-05-14,217.148575,1
2019-05-15,247.153061,1
2019-05-16,264.01001,0
2019-05-17,243.764587,0
2019-05-18,234.59523,1
2019-05-19,261.292206,0
2019-05-20,251.86441,1
2019-05-21,255.215881,0
2019-05-22,244.698914,1
2019-05-23,245.965668,1
2019-05-24,249.484985,1
2019-05-25,251.759872,1
2019-05-26,267.069641,1
2019-05-27,272.86264,0
2019-05-28,271.768707,0
2019-05-29,269.455688,0
2019-05-30,255.858948,1
2019-05-31,268.113556,0
2019-06-01,265.391266,1
2019-06-02,270.225525,0
2019-06-03,252.607925,0
2019-06-04,241.338791,1
2019-06-05,247.05101,1
2019-06-06,249.474335,1
2019-06-07,250.930359,0
2019-06-08,245.738098,0
2019-06-09,233.0867,1
2019-06-10,247.520126,0
2019-06-11,245.78183,1
2019-06-12,260.90329,0
2019-06-13,256.168793,1
2019-06-14,264.087463,1
2019-06-15,269.019318,1
2019-06-16,269.223206,1
2019-06-17,274.351105,0
2019-06-18,265.051849,1
2019-06-19,269.431793,1
2019-06-20,271.695007,1
2019-06-21,294.910278,1
2019-06-22,309.38031,0
2019-06-23,307.827789,1
2019-06-24,310.424683,1
2019-06-25,318.126312,1
2019-06-26,336.753174,0
2019-06-27,294.267639,1
2019-06-28,311.226105,1
2019-06-29,320.058899,0
2019-06-30,290.695984,1
2019-07-01,293.641113,0
2019-07-02,291.596436,1
2019-07-03,303.099976,0
2019-07-04,284.523224,1
2019-07-05,287.997528,0
2019-07-06,287.547119,1
2019-07-07,305.700562,1
2019-07-08,313.251404,0
2019-07-09,308.881012,0
2019-07-10,290.002319,0
2019-07-11,268.704041,1
2019-07-12,276.276703,0
2019-07-13,269.458801,0
2019-07-14,227.578064,1
2019-07-15,229.776001,0
2019-07-16,199.188675,1
2019-07-17,211.48497,1
2019-07-18,226.566162,0
2019-07-19,221.33342,1
2019-07-20,229.119217,0
2019-07-21,225.630768,0
2019-07-22,217.560013,0
2019-07-23,212.728516,1
2019-07-24,217.046371,1
2019-07-25,219.617996,1
2019-07-26,219.629608,0
2019-07-27,207.40831,1
2019-07-28,211.186554,1
2019-07-29,211.268051,0
2019-07-30,210.522598,1
2019-07-31,218.654144,0
2019-08-01,217.808441,1
2019-08-02,217.871567,1
2019-08-03,222.490341,1
2019-08-04,222.669724,1
2019-08-05,234.215027,0
2019-08-06,226.020645,1
2019-08-07,226.391006,0
2019-08-08,220.941864,0
2019-08-09,210.488907,0
2019-08-10,206.733536,1
2019-08-11,216.092865,0
2019-08-12,211.288071,0
2019-08-13,208.709045,0
2019-08-14,186.607742,1
2019-08-15,188.50206,0
2019-08-16,185.440079,1
2019-08-17,185.687683,1
2019-08-18,194.49353,1
2019-08-19,203.091934,0
2019-08-20,196.565414,0
2019-08-21,186.891632,1
2019-08-22,192.508,1
2019-08-23,192.765,0
2019-08-24,188.574,0
2019-08-25,184.383,1
2019-08-26,186.355,1
2019-08-27,186.638,0
2019-08-28,171.643,0
2019-08-29,169.763,0
2019-08-30,169.122,1
2019-08-31,169.7725,1
2019-09-01,170.423,1
2019-09-02,179.98,1
2019-09-03,181.388,0
2019-09-04,176.368,0
2019-09-05,172.005,0
2019-09-06,168.77,1
2019-09-07,172.32,1
2019-09-08,175.87,1
2019-09-09,179.42,0
2019-09-10,178.053,0
2019-09-11,177.01,1
2019-09-12,180.025,1
2019-09-13,180.97,1
2019-09-14,185.084,1
2019-09-15,189.198,1
2019-09-16,199.24,1
2019-09-17,213.04,0
2019-09-18,211.287,1
2019-09-19,219.8,0
2019-09-20,216.344,0
2019-09-21,212.31099999999998,0
2019-09-22,208.278,0
2019-09-23,205.143,0
2019-09-24,165.555,1
2019-09-25,170.807,0
2019-09-26,164.075,1
2019-09-27,171.166,0
2019-09-28,170.001,0
2019-09-29,168.836,1
2019-09-30,177.09,1
2019-10-01,177.758,0
2019-10-02,177.355,0
2019-10-03,172.78,1
2019-10-04,177.555,0
2019-10-05,174.373,0
2019-10-06,171.191,1
2019-10-07,179.431,0
2019-10-08,177.838,1
2019-10-09,192.593,0
2019-10-10,192.403,0
2019-10-11,181.934,0
2019-10-12,181.4845,0
2019-10-13,181.035,1
2019-10-14,186.968,0
2019-10-15,178.56,0
2019-10-16,174.663,1
2019-10-17,176.555,0
2019-10-18,174.11,1
2019-10-19,174.6415,1
2019-10-20,175.173,0
2019-10-21,173.887,0
2019-10-22,172.683,0
2019-10-23,160.578,1
2019-10-24,161.04,1
2019-10-25,180.97,1
2019-10-26,183.784,1
2019-10-27,186.598,0
2019-10-28,183.938,1
2019-10-29,191.535,0
2019-10-30,182.983,0
2019-10-31,181.46,1
2019-11-01,184.375,0
2019-11-02,182.525,0
2019-11-03,180.675,1
2019-11-04,186.45,1
2019-11-05,190.403,1
2019-11-06,190.605,0
2019-11-07,186.508,0
2019-11-08,185.598,1
2019-11-09,187.62900000000002,1
2019-11-10,189.66,0
2019-11-11,186.318,0
2019-11-12,186.253,1
2019-11-13,187.657,0
2019-11-14,184.96,0
2019-11-15,179.72,1
2019-11-16,182.55349999999999,1
2019-11-17,185.387,0
2019-11-18,178.803,0
2019-11-19,174.855,1
2019-11-20,175.275,0
2019-11-21,159.953,0
2019-11-22,153.41,0
2019-11-23,148.97,0
2019-11-24,144.53,1
2019-11-25,148.33,0
2019-11-26,148.308,1
2019-11-27,153.923,0
2019-11-28,152.555,1
2019-11-29,152.983,0
2019-11-30,152.20100000000002,0
2019-12-01,151.419,0
2019-12-02,148.675,0
2019-12-03,148.24,0
2019-12-04,145.628,1
2019-12-05,148.335,1
2019-12-06,148.8,1
2019-12-07,150.09050000000002,1
2019-12-08,151.381,0
2019-12-09,147.581,0
2019-12-10,145.272,0
2019-12-11,143.03,1
2019-12-12,145.046,0
2019-12-13,144.653,0
2019-12-14,143.67649999999998,0
2019-12-15,142.7,0
2019-12-16,132.03,0
2019-12-17,122.258,1
2019-12-18,130.833,0
2019-12-19,126.91,1
2019-12-20,128.42,1
2019-12-21,130.2575,1
2019-12-22,132.095,0
2019-12-23,127.288,1
2019-12-24,128.3,0
2019-12-25,125.468,1
2019-12-26,126.382,0
2019-12-27,125.71,1
2019-12-28,130.24349999999998,1
2019-12-29,134.777,0
2019-12-30,131.675,0
2019-12-31,128.415,1
2020-01-01,131.79,0
2020-01-02,127.911,1
2020-01-03,132.56,1
2020-01-04,134.01999999999998,1
2020-01-05,135.48,1
2020-01-06,141.7,1
2020-01-07,142.515,0
2020-01-08,139.12,0
2020-01-09,136.995,1
2020-01-10,142.847,1
2020-01-11,143.835,1
2020-01-12,144.375,0
2020-01-13,144.173,1
2020-01-14,163.793,1
2020-01-15,165.123,0
2020-01-16,163.165,1
2020-01-17,170.875,1
2020-01-18,176.49,0
2020-01-19,165.688,1
2020-01-20,167.013,1
2020-01-21,168.93,0
2020-01-22,167.475,0
2020-01-23,162.22,1
2020-01-24,162.28,1
2020-01-25,164.71699999999998,1
2020-01-26,167.154,1
2020-01-27,169.591,1
2020-01-28,172.028,1
2020-01-29,175.718,1
2020-01-30,184.925,0
2020-01-31,180.62,1
2020-02-01,182.378,1
2020-02-02,191.605,0
2020-02-03,189.517,0
2020-02-04,187.785,1
2020-02-05,206.633,1
2020-02-06,213.443,1
2020-02-07,219.366,1
2020-02-08,223.055,1
2020-02-09,225.294,0
2020-02-10,222.608,1
2020-02-11,237.44,1
2020-02-12,270.133,0
2020-02-13,262.78,1
2020-02-14,282.605,0
2020-02-15,268.245,0
2020-02-16,252.2,1
2020-02-17,260.283,1
2020-02-18,281.3,0
2020-02-19,262.448,0
2020-02-20,259.363,1
2020-02-21,263.088,1
2020-02-22,263.315,1
2020-02-23,271.85,0
2020-02-24,262.155,0
2020-02-25,250.625,0
2020-02-26,224.113,1
2020-02-27,226.525,1
2020-02-28,226.528,0
2020-02-29,223.835,0
2020-03-01,214.795,1
2020-03-02,233.425,0
2020-03-03,224.368,0
2020-03-04,223.478,1
2020-03-05,231.265,1
2020-03-06,241.188,0
2020-03-07,238.953,0
2020-03-08,202.12,0
2020-03-09,198.865,1
2020-03-10,203.26,0
2020-03-11,193.31,0
2020-03-12,128.965,0
2020-03-13,128.775,0
2020-03-14,127.668,0
2020-03-15,120.728,0
2020-03-16,109.623,1
2020-03-17,119.3,0
2020-03-18,116.51,1
2020-03-19,137.335,0
2020-03-20,125.393,1
2020-03-21,135.56,0
2020-03-22,124.478,1
2020-03-23,132.408,1
2020-03-24,139.783,0
2020-03-25,135.34,1
2020-03-26,136.735,1
2020-03-27,137.445,0
2020-03-28,130.985,0
2020-03-29,125.72,1
2020-03-30,134.13,1
2020-03-31,134.745,0
2020-04-01,132.193,1
2020-04-02,140.635,1
2020-04-03,140.775,1
2020-04-04,143.825,0
2020-04-05,142.528,1
2020-04-06,164.223,0
2020-04-07,163.55,1
2020-04-08,172.093,0
2020-04-09,170.515,0
2020-04-10,159.228,0
2020-04-11,155.033,1
2020-04-12,163.945,0
2020-04-13,156.708,1
2020-04-14,159.21,0
2020-04-15,157.81,1
2020-04-16,172.518,0
2020-04-17,171.01,1
2020-04-18,183.415,0
2020-04-19,181.47,0
2020-04-20,171.918,1
2020-04-21,172.815,1
2020-04-22,183.03,1
2020-04-23,189.195,0
2020-04-24,188.168,1
2020-04-25,194.23,1
2020-04-26,196.918,0
2020-04-27,193.678,1
2020-04-28,196.638,1
2020-04-29,216.925,0
2020-04-30,211.745,0
2020-05-01,209.893,1
2020-05-02,214.168,0
2020-05-03,208.058,0
2020-05-04,207.375,0
2020-05-05,205.048,1
2020-05-06,205.618,1
2020-05-07,211.8,1
2020-05-08,214.65,0
2020-05-09,212.07,0
2020-05-10,188.193,0
2020-05-11,186.818,1
2020-05-12,189.713,1
2020-05-13,198.273,1
2020-05-14,202.685,0
2020-05-15,193.45,1
2020-05-16,200.2,1
2020-05-17,207.968,1
2020-05-18,212.835,0
2020-05-19,212.553,0
2020-05-20,210.468,0
2020-05-21,198.948,1
2020-05-22,208.2,0
2020-05-23,208.023,0
2020-05-24,206.345,0
2020-05-25,204.845,0
2020-05-26,202.198,1
2020-05-27,206.393,1
2020-05-28,214.55,1
2020-05-29,220.115,1
2020-05-30,235.495,0
2020-05-31,235.485,1
2020-06-01,241.87,0
2020-06-02,236.535,1
2020-06-03,241.603,1
2020-06-04,241.708,0
2020-06-05,241.57,1
2020-06-06,242.165,1
2020-06-07,242.44,0
2020-06-08,242.288,1
2020-06-09,243.565,1
2020-06-10,247.83,0
2020-06-11,232.475,1
2020-06-12,237.665,0
2020-06-13,236.963,0
2020-06-14,234.095,0
2020-06-15,232.74,1
2020-06-16,233.858,0
2020-06-17,231.44,0
2020-06-18,229.048,1
2020-06-19,229.498,0
2020-06-20,227.65,1
2020-06-21,229.315,1
2020-06-22,244.92,0
2020-06-23,243.523,0
2020-06-24,234.853,0
2020-06-25,233.83,0
2020-06-26,230.12,0
2020-06-27,218.655,1
2020-06-28,224.96,1
2020-06-29,227.493,0
2020-06-30,225.688,1
2020-07-01,231.435,0
2020-07-02,226.33,1
2020-07-03,226.868,1
2020-07-04,229.115,0
2020-07-05,225.023,1
2020-07-06,238.405,1
2020-07-07,238.708,1
2020-07-08,246.375,0
2020-07-09,241.48,0
2020-07-10,239.55,0
2020-07-11,238.9,0
2020-07-12,238.84,1
2020-07-13,239.165,1
2020-07-14,241.435,0
2020-07-15,238.165,0
2020-07-16,232.888,0
2020-07-17,232.675,1
2020-07-18,236.465,0
2020-07-19,235.705,1
2020-07-20,236.638,1
2020-07-21,245.48,1
2020-07-22,245.89,1
2020-07-23,273.34,1
2020-07-24,286.14,1
2020-07-25,306.06,1
2020-07-26,310.8,1
2020-07-27,324.405,0
2020-07-28,320.083,1
2020-07-29,322.585,1
2020-07-30,338.7,1
2020-07-31,345.61,1
2020-08-01,386.583,0
2020-08-02,373.4,1
2020-08-03,390.893,0
2020-08-04,388.145,1
2020-08-05,400.658,0
2020-08-06,396.7,0
2020-08-07,377.89,1
2020-08-08,388.443,1
2020-08-09,393.243,1
2020-08-10,395.223,0
2020-08-11,373.175,1
2020-08-12,386.395,1
2020-08-13,410.493,1
2020-08-14,439.075,0
2020-08-15,432.663,0
2020-08-16,430.65,1
2020-08-17,438.653,0
2020-08-18,427.608,0
2020-08-19,404.51,1
2020-08-20,416.485,0
2020-08-21,395.265,0
2020-08-22,389.04,1
2020-08-23,393.093,1
2020-08-24,401.775,0
2020-08-25,377.84,1
2020-08-26,389.752,0
2020-08-27,379.93,1
2020-08-28,394.4,1
2020-08-29,405.713,1
2020-08-30,423.45,1
2020-08-31,432.6,1
2020-09-01,482.55,0
2020-09-02,436.615,0
2020-09-03,406.48,0
2020-09-04,391.85,0
2020-09-05,333.21,1
2020-09-06,351.835,0
2020-09-07,345.563,0
2020-09-08,335.76,1
2020-09-09,353.77,1
2020-09-10,365.993,1
2020-09-11,368.645,1
2020-09-12,383.37,0
2020-09-13,363.29,1
2020-09-14,376.528,0
2020-09-15,365.87,0
2020-09-16,365.825,1
2020-09-17,392.58,0
2020-09-18,380.34,1
2020-09-19,386.113,0
2020-09-20,369.375,0
2020-09-21,346.485,0
2020-09-22,344.875,0
2020-09-23,322.965,1
2020-09-24,345.76,1
2020-09-25,354.94,0
2020-09-26,353.72,0
2020-09-27,353.56,1
2020-09-28,362.925,0
2020-09-29,357.75,0
2020-09-30,356.745,0
2020-10-01,351.76,0
2020-10-02,346.74,1
2020-10-03,349.325,1
2020-10-04,351.855,1
2020-10-05,352.045,0
2020-10-06,337.4,1
2020-10-07,340.825,1
2020-10-08,351.913,1
2020-10-09,364.01,1
2020-10-10,374.632,0
2020-10-11,373.29,1
2020-10-12,387.67,0
2020-10-13,380.235,0
2020-10-14,377.043,1
2020-10-15,380.43,0
2020-10-16,366.808,1
2020-10-17,367.103,1
2020-10-18,375.932,1
2020-10-19,379.795,0
2020-10-20,368.418,1
2020-10-21,395.03,1
2020-10-22,417.96,0
2020-10-23,409.389,1
2020-10-24,412.035,0
2020-10-25,407.71,0
2020-10-26,392.945,1
2020-10-27,403.535,0
2020-10-28,385.798,1
2020-10-29,389.123,0
2020-10-30,384.338,1
2020-10-31,388.018,1
2020-11-01,396.928,0
2020-11-02,385.673,0
2020-11-03,383.444,1
2020-11-04,401.298,1
2020-11-05,413.918,1
2020-11-06,446.473,0
2020-11-07,435.84,1
2020-11-08,450.283,0
2020-11-09,447.793,1
2020-11-10,452.018,1
2020-11-11,467.143,0
2020-11-12,463.015,1
2020-11-13,472.228,0
2020-11-14,460.225,0
2020-11-15,443.953,1
2020-11-16,458.89,1
2020-11-17,480.875,0
2020-11-18,474.408,0
2020-11-19,472.973,1
2020-11-20,509.133,1
2020-11-21,544.153,1
2020-11-22,573.625,1
2020-11-23,606.148,0
2020-11-24,599.835,0
2020-11-25,578.76,0
2020-11-26,513.89,1
2020-11-27,515.805,1
2020-11-28,543.628,1
2020-11-29,567.655,1
2020-11-30,605.46,0
2020-12-01,595.56,1
2020-12-02,598.156,1
2020-12-03,615.527,0
2020-12-04,580.925,1
2020-12-05,592.326,1
2020-12-06,599.09,0
2020-12-07,588.865,0
2020-12-08,565.998,1
2020-12-09,576.018,0
2020-12-10,563.769,0
2020-12-11,549.488,1
2020-12-12,570.78,1
2020-12-13,591.428,0
2020-12-14,586.223,1
2020-12-15,588.805,1
2020-12-16,629.455,1
2020-12-17,640.623,1
2020-12-18,651.025,1
2020-12-19,666.628,0
2020-12-20,633.113,0
2020-12-21,618.585,1
2020-12-22,623.005,0
2020-12-23,597.21,1
2020-12-24,605.255,1
2020-12-25,618.761,1
2020-12-26,646.975,1
2020-12-27,677.825,1
2020-12-28,727.035,0
2020-12-29,724.443,1
2020-12-30,748.353,0
2020-12-31,739.045,0
2021-01-01,729.915,1
2021-01-02,769.198,1
2021-01-03,950.24,1
2021-01-04,1007.235,1
2021-01-05,1084.975,1
2021-01-06,1182.898,1
2021-01-07,1254.167,0
2021-01-08,1191.835,1
2021-01-09,1292.232,0
2021-01-10,1270.435,0
2021-01-11,1032.525,1
2021-01-12,1077.93,1
2021-01-13,1126.665,1
2021-01-14,1187.525,0
2021-01-15,1159.71,1
2021-01-16,1234.805,1
2021-01-17,1260.857,0
2021-01-18,1234.19,1
2021-01-19,1410.69,0
2021-01-20,1323.71,0
2021-01-21,1171.655,1
2021-01-22,1244.934,1
2021-01-23,1247.86,1
2021-01-24,1353.32,0
2021-01-25,1347.155,0
2021-01-26,1335.133,0
2021-01-27,1276.748,1
2021-01-28,1350.2,1
2021-01-29,1372.677,1
2021-01-30,1385.365,0
2021-01-31,1296.423,1
2021-02-01,1350.233,1
2021-02-02,1519.983,1
2021-02-03,1632.953,1
2021-02-04,1641.783,1
2021-02-05,1720.615,0
2021-02-06,1711.028,0
2021-02-07,1599.512,1
2021-02-08,1700.13,1
2021-02-09,1769.29,0
2021-02-10,1728.627,1
2021-02-11,1769.105,1
2021-02-12,1851.821,0
2021-02-13,1813.71,1
2021-02-14,1828.26,0
2021-02-15,1788.765,0
2021-02-16,1753.165,1
2021-02-17,1854.845,1
2021-02-18,1945.645,1
2021-02-19,1958.468,1
2021-02-20,1965.455,0
2021-02-21,1920.966,0
2021-02-22,1800.45,0
2021-02-23,1535.812,1
2021-02-24,1591.44,0
2021-02-25,1525.663,0
2021-02-26,1429.948,1
2021-02-27,1507.387,0
2021-02-28,1416.229,1
2021-03-01,1546.478,0
2021-03-02,1468.137,1
2021-03-03,1595.573,0
2021-03-04,1517.195,1
2021-03-05,1532.672,1
2021-03-06,1642.575,1
2021-03-07,1664.548,1
2021-03-08,1790.973,1
2021-03-09,1825.466,0
2021-03-10,1817.105,1
2021-03-11,1840.288,0
2021-03-12,1757.354,1
2021-03-13,1912.208,0
2021-03-14,1876.21,0
2021-03-15,1792.47,1
2021-03-16,1797.163,1
2021-03-17,1815.289,0
2021-03-18,1773.688,1
2021-03-19,1817.797,1
2021-03-20,1827.132,0
2021-03-21,1799.527,0
2021-03-22,1677.792,0
2021-03-23,1672.08,0
2021-03-24,1612.585,0
2021-03-25,1603.625,1
2021-03-26,1664.932,1
2021-03-27,1718.66,0
2021-03-28,1667.255,1
2021-03-29,1807.083,1
2021-03-30,1841.125,1
2021-03-31,1939.743,1
2021-04-01,1969.566,1
2021-04-02,2091.177,0
2021-04-03,2059.252,1
2021-04-04,2061.85,1
2021-04-05,2104.53,1
2021-04-06,2121.67,0
2021-04-07,1987.435,1
2021-04-08,2055.075,1
2021-04-09,2070.7,1
2021-04-10,2094.137,1
2021-04-11,2144.585,1
2021-04-12,2145.171,1
2021-04-13,2300.995,1
2021-04-14,2369.712,1
2021-04-15,2501.02,0
2021-04-16,2458.489,0
2021-04-17,2391.535,0
2021-04-18,2228.92,0
2021-04-19,2208.47,1
2021-04-20,2307.6,1
2021-04-21,2403.683,0
2021-04-22,2399.735,0
2021-04-23,2323.263,0
2021-04-24,2296.272,0
2021-04-25,2218.865,1
2021-04-26,2459.85,1
2021-04-27,2646.828,1
2021-04-28,2707.505,1
2021-04-29,2709.095,1
2021-04-30,2763.262,1
2021-05-01,2949.885,1
2021-05-02,2969.795,1
2021-05-03,3287.04,1
2021-05-04,3405.33,1
2021-05-05,3462.871,1
2021-05-06,3466.917,1
2021-05-07,3500.778,1
2021-05-08,3849.446,1
2021-05-09,3910.359,0
2021-05-10,3905.466,1
2021-05-11,4139.997,0
2021-05-12,4102.706,0
2021-05-13,3716.746,1
2021-05-14,3989.747,0
2021-05-15,3792.496,0
2021-05-16,3360.361,1
2021-05-17,3441.49,0
2021-05-18,3432.905,0
2021-05-19,2530.35,1
2021-05-20,2764.99,0
2021-05-21,2252.67,1
2021-05-22,2357.924,0
2021-05-23,2071.89,1
2021-05-24,2624.545,0
2021-05-25,2554.5,1
2021-05-26,2798.403,0
2021-05-27,2723.675,0
2021-05-28,2428.04,0
2021-05-29,2238.235,1
2021-05-30,2438.525,1
2021-05-31,2599.585,0
2021-06-01,2577.745,1
2021-06-02,2722.905,1
2021-06-03,2822.35,0
2021-06-04,2702.623,0
2021-06-05,2633.992,1
2021-06-06,2711.11,0
2021-06-07,2658.087,0
2021-06-08,2538.198,1
2021-06-09,2561.613,0
2021-06-10,2470.027,0
2021-06-11,2382.328,1
2021-06-12,2405.08,1
2021-06-13,2525.95,1
2021-06-14,2541.715,0
2021-06-15,2522.145,0
2021-06-16,2400.018,0
2021-06-17,2343.802,0
2021-06-18,2195.035,1
2021-06-19,2226.765,1
2021-06-20,2258.275,0
2021-06-21,1941.443,0
2021-06-22,1931.322,0
2021-06-23,1931.03,1
2021-06-24,2004.98,0
2021-06-25,1866.986,0
2021-06-26,1766.8,1
2021-06-27,1816.803,1
2021-06-28,2132.84,1
2021-06-29,2192.125,1
2021-06-30,2237.883,0
2021-07-01,2121.23,0
2021-07-02,2091.04,1
2021-07-03,2220.49,1
2021-07-04,2350.66,0
2021-07-05,2217.025,1
2021-07-06,2310.19,1
2021-07-07,2362.81,0
2021-07-08,2138.56,0
2021-07-09,2135.415,0
2021-07-10,2094.785,1
2021-07-11,2130.16,0
2021-07-12,2027.093,0
2021-07-13,1947.868,1
2021-07-14,1989.333,0
2021-07-15,1926.03,0
2021-07-16,1902.53,0
2021-07-17,1899.423,0
2021-07-18,1895.285,0
2021-07-19,1820.09,0
2021-07-20,1794.94,1
2021-07-21,1947.347,1
2021-07-22,2016.675,1
2021-07-23,2041.188,1
2021-07-24,2154.38,1
2021-07-25,2158.333,1
2021-07-26,2265.661,0
2021-07-27,2244.223,1
2021-07-28,2296.21,1
2021-07-29,2313.663,1
2021-07-30,2420.107,1
2021-07-31,2491.87,1
2021-08-01,2670.775,0
2021-08-02,2597.93,0
2021-08-03,2485.165,1
2021-08-04,2711.204,1
2021-08-05,2805.302,1
2021-08-06,2914.17,1
2021-08-07,3082.205,0
2021-08-08,2991.315,1
2021-08-09,3070.702,1
2021-08-10,3157.545,1
2021-08-11,3236.343,0
2021-08-12,3067.65,1
2021-08-13,3281.595,0
2021-08-14,3231.86,1
2021-08-15,3262.35,0
2021-08-16,3165.48,0
2021-08-17,3072.093,0
2021-08-18,3008.575,1
2021-08-19,3158.083,1
2021-08-20,3259.96,0
2021-08-21,3230.425,0
2021-08-22,3154.107,1
2021-08-23,3340.611,0
2021-08-24,3217.923,0
2021-08-25,3209.48,0
2021-08-26,3119.26,1
2021-08-27,3264.045,0
2021-08-28,3239.302,0
2021-08-29,3237.917,1
2021-08-30,3339.962,1
2021-08-31,3391.778,1
2021-09-01,3730.04,1
2021-09-02,3808.561,1
2021-09-03,3916.416,0
2021-09-04,3880.125,1
2021-09-05,3970.236,0
2021-09-06,3952.726,0
2021-09-07,3415.875,1
2021-09-08,3472.958,0
2021-09-09,3431.59,0
2021-09-10,3248.915,1
2021-09-11,3295.292,1
2021-09-12,3320.1,0
2021-09-13,3289.953,1
2021-09-14,3377.22,1
2021-09-15,3555.375,0
2021-09-16,3497.82,0
2021-09-17,3377.155,1
2021-09-18,3397.363,0
2021-09-19,3359.268,0
2021-09-20,3018.587,0
2021-09-21,2765.44,1
2021-09-22,3027.605,1
2021-09-23,3142.03,0
2021-09-24,2946.04,0
2021-09-25,2922.68,1
2021-09-26,3088.877,0
2021-09-27,2955.55,0
2021-09-28,2863.415,0
2021-09-29,2821.323,1
2021-09-30,2972.48,1
2021-10-01,3292.395,1
2021-10-02,3427.89,0
2021-10-03,3425.103,0
2021-10-04,3384.255,1
2021-10-05,3526.015,1
2021-10-06,3561.605,1
2021-10-07,3624.535,0
2021-10-08,3555.496,1
2021-10-09,3580.135,0
2021-10-10,3514.53,0
2021-10-11,3491.851,0
2021-10-12,3478.5,1
2021-10-13,3574.035,1
2021-10-14,3758.73,1
2021-10-15,3880.897,0
2021-10-16,3831.815,0
2021-10-17,3698.165,1
2021-10-18,3733.936,1
2021-10-19,3806.478,1
2021-10-20,4108.352,0
2021-10-21,4090.43,0
2021-10-22,3976.75,1
2021-10-23,4088.635,0
2021-10-24,4065.771,1
2021-10-25,4180.603,1
2021-10-26,4263.256,0
2021-10-27,3982.575,1
2021-10-28,4253.501,1
2021-10-29,4402.918,0
2021-10-30,4311.688,0
2021-10-31,4267.98,1
2021-11-01,4311.81,1
2021-11-02,4504.788,1
2021-11-03,4617.769,0
2021-11-04,4514.983,0
2021-11-05,4454.208,1
2021-11-06,4486.681,1
2021-11-07,4629.069,1
2021-11-08,4772.779,1
2021-11-09,4799.472,0
2021-11-10,4553.713,1
2021-11-11,4745.715,0
2021-11-12,4656.154,1
2021-11-13,4656.616,0
2021-11-14,4576.565,0
2021-11-15,4571.041,0
2021-11-16,4255.73,1
2021-11-17,4256.64,0
2021-11-18,4023.68,1
2021-11-19,4280.125,1
2021-11-20,4432.112,0
2021-11-21,4366.381,0
2021-11-22,4080.565,1
2021-11-23,4351.952,0
2021-11-24,4259.306,1
2021-11-25,4501.431,0
2021-11-26,4070.482,1
2021-11-27,4083.969,1
2021-11-28,4256.71,1
2021-11-29,4453.148,1
2021-11-30,4630.625,0
2021-12-01,4568.65,0
2021-12-02,4547.836,0
2021-12-03,4216.613,0
2021-12-04,4067.426,1
2021-12-05,4149.105,1
2021-12-06,4325.118,0
2021-12-07,4291.778,1
2021-12-08,4418.848,0
2021-12-09,4166.391,0
2021-12-10,3996.52,1
2021-12-11,4029.571,1
2021-12-12,4124.693,0
2021-12-13,3770.785,1
2021-12-14,3853.341,1
2021-12-15,4063.771,0
2021-12-16,4031.71,0
2021-12-17,3907.567,1
2021-12-18,3978.563,0
2021-12-19,3922.742,0
2021-12-20,3913.9,1
2021-12-21,4026.884,0
2021-12-22,4015.817,1
2021-12-23,4114.551,0
2021-12-24,4067.111,1
2021-12-25,4121.159,0
2021-12-26,4085.146,0
2021-12-27,4060.146,0
2021-12-28,3807.877,0
2021-12-29,3727.208,1
2021-12-30,3736.625,0
2021-12-31,3688.597,1
2022-01-01,3749.561,1
2022-01-02,3812.706,0
2022-01-03,3724.375,1
2022-01-04,3825.92,0
2022-01-05,3554.365,0
2022-01-06,3427.813,0
2022-01-07,3215.177,0
2022-01-08,3078.628,1
2022-01-09,3189.84,0
2022-01-10,3075.093,1
2022-01-11,3232.265,1
2022-01-12,3368.434,0
2022-01-13,3271.4,1
2022-01-14,3333.42,1
2022-01-15,3335.915,0
2022-01-16,3331.93,0
2022-01-17,3166.583,0
2022-01-18,3164.272,0
2022-01-19,3114.905,0
2022-01-20,3081.185,0
2022-01-21,2610.453,0
2022-01-22,2447.152,0
2022-01-23,2422.92,1
2022-01-24,2442.992,0
2022-01-25,2414.185,1
2022-01-26,2418.925,0
2022-01-27,2360.895,1
2022-01-28,2535.85,1
2022-01-29,2617.172,0
2022-01-30,2560.49,1
2022-01-31,2680.98,1
2022-02-01,2798.748,0
2022-02-02,2655.9,1
2022-02-03,2661.0,1
2022-02-04,2956.506,1
2022-02-05,3023.86,0
2022-02-06,2996.564,1
2022-02-07,3153.248,0
2022-02-08,3117.185,1
2022-02-09,3239.09,0
2022-02-10,3116.235,0
2022-02-11,2928.1,0
2022-02-12,2878.305,0
2022-02-13,2875.8,1
2022-02-14,2915.25,1
2022-02-15,3098.678,1
2022-02-16,3142.393,0
2022-02-17,2896.412,0
2022-02-18,2782.84,0
2022-02-19,2741.269,0
2022-02-20,2599.185,0
2022-02-21,2582.935,1
2022-02-22,2607.63,1
2022-02-23,2619.53,1
2022-02-24,2636.972,1
2022-02-25,2708.945,1
2022-02-26,2826.647,0
2022-02-27,2604.537,1
2022-02-28,2821.208,1
2022-03-01,2956.488,1
2022-03-02,2976.788,0
2022-03-03,2805.3,0
2022-03-04,2608.343,1
2022-03-05,2655.232,0
2022-03-06,2630.114,0
2022-03-07,2483.738,1
2022-03-08,2559.198,1
2022-03-09,2708.355,0
2022-03-10,2604.248,0
2022-03-11,2571.8,1
2022-03-12,2587.268,0
2022-03-13,2546.305,0
2022-03-14,2526.319,1
2022-03-15,2625.242,1
2022-03-16,2774.075,1
2022-03-17,2808.425,1
2022-03-18,2949.225,1
2022-03-19,2955.01,0
2022-03-20,2874.522,1
2022-03-21,2911.08,1
2022-03-22,3002.67,0
2022-03-23,2982.695,1
2022-03-24,3105.68,1
2022-03-25,3126.795,1
2022-03-26,3144.83,1
2022-03-27,3239.113,1
2022-03-28,3418.08,0
2022-03-29,3398.2,1
2022-03-30,3414.05,0
2022-03-31,3300.51,1
2022-04-01,3442.522,1
2022-04-02,3471.788,1
2022-04-03,3493.695,1
2022-04-04,3509.962,0
2022-04-05,3442.393,0
2022-04-06,3234.133,1
2022-04-07,3239.138,1
2022-04-08,3250.988,0
2022-04-09,3225.633,1
2022-04-10,3290.317,0
2022-04-11,2992.98,0
2022-04-12,2987.525,1
2022-04-13,3106.31,0
2022-04-14,3013.563,1
2022-04-15,3030.943,1
2022-04-16,3033.76,1
2022-04-17,3046.16,0
2022-04-18,3005.8,1
2022-04-19,3095.28,0
2022-04-20,3085.885,0
2022-04-21,3001.035,0
2022-04-22,2972.013,0
2022-04-23,2964.24,0
2022-04-24,2941.295,1
2022-04-25,2999.7,0
2022-04-26,2829.345,1
2022-04-27,2865.702,1
2022-04-28,2948.615,0
2022-04-29,2806.758,0
2022-04-30,2790.335,1
2022-05-01,2813.683,1
2022-05-02,2826.865,0
2022-05-03,2784.735,1
2022-05-04,2944.86,0
2022-05-05,2755.543,0
2022-05-06,2705.508,0
2022-05-07,2673.52,0
2022-05-08,2540.07,0
2022-05-09,2291.545,1
2022-05-10,2327.087,0
2022-05-11,2035.837,0
2022-05-12,1924.935,1
2022-05-13,2042.14,0
2022-05-14,1995.9,1
2022-05-15,2129.51,0
2022-05-16,2033.12,1
2022-05-17,2051.51,0
2022-05-18,1964.233,1
2022-05-19,2013.495,0
2022-05-20,1958.068,1
2022-05-21,1974.025,1
2022-05-22,2006.36,0
2022-05-23,1997.635,0
2022-05-24,1968.55,0
2022-05-25,1958.667,0
2022-05-26,1825.84,0
2022-05-27,1743.47,1
2022-05-28,1791.748,1
2022-05-29,1795.238,1
2022-05-30,1953.157,0
2022-05-31,1951.664,0
2022-06-01,1791.54,1
2022-06-02,1822.847,0
2022-06-03,1758.04,1
2022-06-04,1776.095,1
2022-06-05,1809.643,1
2022-06-06,1860.138,0
2022-06-07,1844.225,0
2022-06-08,1795.32,0
2022-06-09,1793.495,0
2022-06-10,1676.995,0
2022-06-11,1521.617,0
2022-06-12,1475.757,0
2022-06-13,1240.038,0
2022-06-14,1187.74,0
2022-06-15,1178.305,0
2022-06-16,1098.232,0
2022-06-17,1093.723,0
2022-06-18,902.936,1
2022-06-19,1140.147,0
2022-06-20,1119.775,1
2022-06-21,1121.52,0
2022-06-22,1047.825,1
2022-06-23,1134.55,1
2022-06-24,1218.353,0
2022-06-25,1208.455,1
2022-06-26,1246.97,0
2022-06-27,1201.77,0
2022-06-28,1160.315,0
2022-06-29,1108.245,0
2022-06-30,1010.475,1
2022-07-01,1067.762,0
2022-07-02,1062.953,1
2022-07-03,1083.47,1
2022-07-04,1120.312,1
2022-07-05,1153.578,1
2022-07-06,1160.64,1
2022-07-07,1237.725,1
2022-07-08,1243.207,0
2022-07-09,1219.02,0
2022-07-10,1177.459,0
2022-07-11,1137.398,0
2022-07-12,1046.252,1
2022-07-13,1075.677,1
2022-07-14,1192.875,1
2022-07-15,1256.219,1
2022-07-16,1347.28,0
2022-07-17,1344.055,1
2022-07-18,1471.31,1
2022-07-19,1559.328,0
2022-07-20,1521.01,1
2022-07-21,1585.297,0
2022-07-22,1526.945,0
2022-07-23,1525.29,1
2022-07-24,1608.74,0
2022-07-25,1522.835,0
2022-07-26,1380.461,1
2022-07-27,1601.432,1
2022-07-28,1757.547,0
2022-07-29,1733.136,0
2022-07-30,1703.045,1
2022-07-31,1720.934,0
2022-08-01,1627.655,1
2022-08-02,1652.01,0
2022-08-03,1642.935,0
2022-08-04,1591.305,1
2022-08-05,1679.653,1
2022-08-06,1715.51,1
2022-08-07,1722.435,1
2022-08-08,1797.565,0
2022-08-09,1696.988,1
2022-08-10,1843.0,1
2022-08-11,1902.555,1
2022-08-12,1933.1,1
2022-08-13,1990.62,0
2022-08-14,1941.298,0
2022-08-15,1904.373,0
2022-08-16,1884.703,0
2022-08-17,1851.25,1
2022-08-18,1877.377,0
2022-08-19,1686.855,0
2022-08-20,1533.065,1
2022-08-21,1616.833,0
2022-08-22,1579.2,1
2022-08-23,1647.318,1
2022-08-24,1683.483,1
2022-08-25,1708.353,0
2022-08-26,1556.605,0
2022-08-27,1481.115,1
2022-08-28,1483.109,1
2022-08-29,1546.15,1
2022-08-30,1558.1,1
2022-08-31,1570.75,1
2022-09-01,1580.387,0
2022-09-02,1568.83,0
2022-09-03,1552.825,1
2022-09-04,1570.745,1
2022-09-05,1597.802,0
2022-09-06,1580.79,1
2022-09-07,1639.65,1
2022-09-08,1645.198,1
2022-09-09,1721.5,1
2022-09-10,1734.76,1
2022-09-11,1759.51,0
2022-09-12,1724.383,0
2022-09-13,1608.113,0
2022-09-14,1602.963,0
2022-09-15,1504.0,0
2022-09-16,1437.765,1
2022-09-17,1462.337,0
2022-09-18,1371.995,0
2022-09-19,1357.455,0
2022-09-20,1343.255,0
2022-09-21,1314.568,1
2022-09-22,1324.424,0
2022-09-23,1300.95,1
2022-09-24,1342.07,0
2022-09-25,1292.527,1
2022-09-26,1324.865,0
2022-09-27,1324.75,1
2022-09-28,1350.46,0
2022-09-29,1338.012,0
2022-09-30,1331.725,0
2022-10-01,1309.565,0
2022-10-02,1303.01,1
2022-10-03,1323.77,1
2022-10-04,1361.963,0
2022-10-05,1345.43,1
2022-10-06,1364.0,0
2022-10-07,1331.51,0
2022-10-08,1325.445,0
2022-10-09,1321.045,0
2022-10-10,1307.25,0
2022-10-11,1281.81,1
2022-10-12,1299.016,0
2022-10-13,1293.82,1
2022-10-14,1301.25,0
2022-10-15,1281.085,1
2022-10-16,1310.625,1
2022-10-17,1330.04,0
2022-10-18,1314.37,0
2022-10-19,1294.55,0
2022-10-20,1282.135,1
2022-10-21,1302.738,1
2022-10-22,1316.29,1
2022-10-23,1330.215,1
2022-10-24,1351.228,1
2022-10-25,1473.98,1
2022-10-26,1553.682,0
2022-10-27,1527.79,1
2022-10-28,1560.858,1
2022-10-29,1626.978,0
2022-10-30,1595.155,0
2022-10-31,1564.958,1
2022-11-01,1575.592,0
2022-11-02,1511.405,1
2022-11-03,1540.765,1
2022-11-04,1646.05,0
2022-11-05,1631.475,0
2022-11-06,1604.118,0
2022-11-07,1575.655,0
2022-11-08,1336.59,0
2022-11-09,1105.965,1
2022-11-10,1321.465,0
2022-11-11,1266.42,0
2022-11-12,1256.06,0
2022-11-13,1216.207,1
2022-11-14,1226.022,1
2022-11-15,1245.573,0
2022-11-16,1205.705,0
2022-11-17,1205.615,1
2022-11-18,1208.04,1
2022-11-19,1210.385,0
2022-11-20,1141.395,0
2022-11-21,1093.863,1
2022-11-22,1129.64,1
2022-11-23,1168.917,1
2022-11-24,1195.681,1
2022-11-25,1198.927,1
2022-11-26,1209.705,1
2022-11-27,1215.113,0
2022-11-28,1172.27,1
2022-11-29,1219.19,1
2022-11-30,1296.775,0
2022-12-01,1276.34,1
2022-12-02,1291.018,0
2022-12-03,1261.248,1
2022-12-04,1276.778,0
2022-12-05,1259.44,0
2022-12-06,1255.785,0
2022-12-07,1232.075,1
2022-12-08,1278.282,0
2022-12-09,1259.82,1
2022-12-10,1268.5,0
2022-12-11,1265.052,1
2022-12-12,1274.949,1
2022-12-13,1319.719,0
2022-12-14,1310.665,0
2022-12-15,1264.45,0
2022-12-16,1195.061,0
2022-12-17,1178.798,1
2022-12-18,1182.575,0
2022-12-19,1175.805,1
2022-12-20,1216.011,0
2022-12-21,1211.757,1
2022-12-22,1214.759,1
2022-12-23,1221.575,0
2022-12-24,1219.077,0
2022-12-25,1218.465,0
2022-12-26,1216.795,0
2022-12-27,1210.73,0
2022-12-28,1186.71,1
2022-12-29,1194.744,1
2022-12-30,1197.707,1
2022-12-31,1199.371,1
2023-01-01,1202.261,1
2023-01-02,1219.18,0
2023-01-03,1211.055,1
2023-01-04,1252.443,0
2023-01-05,1251.812,1
2023-01-06,1266.109,0
2023-01-07,1264.223,1
2023-01-08,1269.651,1
2023-01-09,1318.395,1
2023-01-10,1339.21,1
2023-01-11,1342.96,1
2023-01-12,1426.563,1
2023-01-13,1455.193,1
2023-01-14,1538.652,1
2023-01-15,1552.466,1
2023-01-16,1579.695,1
2023-01-17,1580.978,0
2023-01-18,1528.143,1
2023-01-19,1545.255,1
2023-01-20,1637.383,1
2023-01-21,1662.855,0
2023-01-22,1628.05,1
2023-01-23,1631.904,0
2023-01-24,1598.965,1
2023-01-25,1618.613,0
2023-01-26,1603.002,0
2023-01-27,1599.403,0
2023-01-28,1567.25,1
2023-01-29,1643.273,0
2023-01-30,1556.831,1
2023-01-31,1577.458,1
2023-02-01,1635.299,1
2023-02-02,1637.05,1
2023-02-03,1657.647,1
2023-02-04,1680.04,0
2023-02-05,1622.233,1
2023-02-06,1638.26,1
2023-02-07,1667.895,0
2023-02-08,1653.033,0
2023-02-09,1540.775,0
2023-02-10,1506.028,1
2023-02-11,1534.78,0
2023-02-12,1511.289,0
2023-02-13,1486.479,1
2023-02-14,1556.15,1
2023-02-15,1665.885,1
2023-02-16,1682.978,1
2023-02-17,1693.85,0
2023-02-18,1687.713,0
2023-02-19,1686.479,1
2023-02-20,1701.182,0
2023-02-21,1642.358,0
2023-02-22,1619.5,1
2023-02-23,1644.966,0
2023-02-24,1602.65,0
2023-02-25,1574.7,1
2023-02-26,1642.53,0
2023-02-27,1627.448,0
2023-02-28,1605.83,1
2023-03-01,1657.455,0
2023-03-02,1640.838,0
2023-03-03,1559.5,0
2023-03-04,1556.995,1
2023-03-05,1572.135,0
2023-03-06,1566.448,0
2023-03-07,1550.415,1
2023-03-08,1552.715,0
2023-03-09,1432.508,0
2023-03-10,1426.1,1
2023-03-11,1475.2,1
2023-03-12,1557.368,1
2023-03-13,1672.228,1
2023-03-14,1705.185,0
2023-03-15,1653.172,1
2023-03-16,1659.772,1
2023-03-17,1744.218,1
2023-03-18,1796.253,1
2023-03-19,1799.15,0
2023-03-20,1761.415,1
2023-03-21,1800.99,0
2023-03-22,1737.685,1
2023-03-23,1819.09,0
2023-03-24,1750.408,0
2023-03-25,1732.493,1
2023-03-26,1761.763,0
2023-03-27,1707.968,1
2023-03-28,1774.778,1
2023-03-29,1803.525,0
2023-03-30,1795.292,1
2023-03-31,1817.72,0
2023-04-01,1817.238,0
2023-04-02,1789.415,0
2023-04-03,1780.265,1
2023-04-04,1878.31,1
2023-04-05,1905.89,0
2023-04-06,1864.035,0
2023-04-07,1854.008,1
2023-04-08,1855.208,1
2023-04-09,1857.202,1
2023-04-10,1886.071,1
2023-04-11,1894.68,1
2023-04-12,1908.685,1
2023-04-13,2008.625,1
2023-04-14,2107.063,0
2023-04-15,2088.715,1
2023-04-16,2122.607,0
2023-04-17,2076.913,1
2023-04-18,2093.297,0
2023-04-19,1980.888,0
2023-04-20,1938.015,0
2023-04-21,1837.886,1
2023-04-22,1869.625,0
2023-04-23,1849.064,0
2023-04-24,1839.883,1
2023-04-25,1860.495,1
2023-04-26,1866.744,1
2023-04-27,1919.935,0
2023-04-28,1896.88,1
2023-04-29,1904.16,0
2023-04-30,1893.072,0
2023-05-01,1807.518,1
2023-05-02,1870.629,1
2023-05-03,1873.88,1
2023-05-04,1878.281,1
2023-05-05,1989.845,0
2023-05-06,1898.57,1
2023-05-07,1919.782,0
2023-05-08,1841.54,1
2023-05-09,1849.458,1
2023-05-10,1858.673,0
2023-05-11,1796.363,0
2023-05-12,1788.68,1
2023-05-13,1803.908,0
2023-05-14,1799.203,1
2023-05-15,1826.328,0
2023-05-16,1821.417,1
2023-05-17,1826.66,0
2023-05-18,1796.775,1
2023-05-19,1812.599,1
2023-05-20,1817.24,0
2023-05-21,1805.955,1
2023-05-22,1818.377,1
2023-05-23,1854.665,0
2023-05-24,1804.76,1
2023-05-25,1810.14,1
2023-05-26,1835.37,0
2023-05-27,1828.167,1
2023-05-28,1854.135,1
2023-05-29,1893.683,1
2023-05-30,1904.0,0
2023-05-31,1865.85,1
2023-06-01,1869.498,1
2023-06-02,1905.055,0
2023-06-03,1888.427,1
2023-06-04,1904.54,0
2023-06-05,1805.293,1
2023-06-06,1876.885,0
2023-06-07,1841.925,1
2023-06-08,1853.288,0
2023-06-09,1836.75,0
2023-06-10,1743.828,1
2023-06-11,1770.76,0
